Age,Gender,Weight (kg),Height (m),Max_BPM,Avg_BPM,Resting_BPM,Session_Duration (hours),Calories_Burned,Workout_Type,Fat_Percentage,Water_Intake (liters),Workout_Frequency (days/week),Experience_Level,BMI,Heart_Rate_Reserve,Calories_Per_Hour,Water_Intake_Per_Hour,BMI_Category
56,Male,88.3,1.71,180,157,60,1.69,1313.0,Yoga,12.6,3.5,4,3,30.2,120,776.9230769230769,2.0710059171597632,Obese
46,Female,74.9,1.53,179,151,66,1.3,883.0,HIIT,33.9,2.1,4,2,32.0,113,679.2307692307692,1.6153846153846154,Obese
32,Female,68.1,1.66,167,122,54,1.11,677.0,Cardio,33.4,2.3,4,2,24.71,113,609.9099099099099,2.072072072072072,Normal
25,Male,53.2,1.7,190,164,56,0.59,532.0,Strength,28.8,2.1,3,1,18.41,134,901.6949152542373,3.5593220338983054,Underweight
38,Male,46.1,1.79,188,158,68,0.64,556.0,Strength,29.2,2.8,3,1,14.39,120,868.75,4.375,Underweight
56,Female,58.0,1.68,168,156,74,1.59,1116.0,HIIT,15.5,2.7,5,3,20.55,94,701.8867924528302,1.6981132075471699,Normal
36,Male,70.3,1.72,174,169,73,1.49,1385.0,Cardio,21.3,2.3,3,2,23.76,101,929.5302013422819,1.5436241610738255,Normal
40,Female,69.7,1.51,189,141,64,1.27,895.0,Cardio,30.6,1.9,3,2,30.57,125,704.7244094488188,1.4960629921259843,Obese
28,Male,121.7,1.94,185,127,52,1.03,719.0,Strength,28.9,2.6,4,2,32.34,133,698.0582524271845,2.5242718446601944,Obese
28,Male,101.8,1.84,169,136,64,1.08,808.0,Cardio,29.7,2.7,3,1,30.07,105,748.1481481481482,2.5,Obese
41,Male,120.8,1.67,188,146,54,0.82,593.0,HIIT,20.5,3.0,2,1,43.31,134,723.1707317073171,3.658536585365854,Obese
53,Male,51.7,1.7,175,152,72,1.15,865.0,HIIT,23.6,3.5,3,2,17.89,103,752.1739130434784,3.0434782608695654,Underweight
57,Male,112.5,1.61,195,165,61,1.24,1013.0,Cardio,22.1,2.7,3,2,43.4,134,816.9354838709678,2.17741935483871,Obese
41,Male,94.5,2.0,179,136,69,1.18,794.0,HIIT,27.6,3.7,3,1,23.62,110,672.8813559322034,3.1355932203389836,Normal
20,Male,117.7,1.81,196,161,54,1.35,1195.0,Yoga,26.4,3.3,3,2,35.93,142,885.1851851851851,2.444444444444444,Obese
39,Female,42.5,1.75,181,131,52,1.13,740.0,Strength,26.2,2.1,2,1,13.88,129,654.8672566371682,1.858407079646018,Underweight
19,Female,64.0,1.53,166,167,58,1.33,1111.0,HIIT,29.8,2.3,3,2,27.34,108,835.3383458646616,1.7293233082706765,Overweight
41,Female,43.8,1.77,182,165,58,1.19,884.0,Cardio,31.9,1.6,3,1,13.98,124,742.8571428571429,1.3445378151260505,Underweight
47,Female,66.8,1.75,199,146,56,1.13,742.0,Strength,32.8,2.5,3,2,21.81,143,656.637168141593,2.212389380530974,Normal
55,Female,75.2,1.67,188,167,51,1.37,1030.0,HIIT,25.2,2.2,2,1,26.96,137,751.8248175182481,1.6058394160583942,Overweight
19,Male,89.0,1.77,175,127,72,1.5,1048.0,Strength,28.9,3.7,4,2,28.41,103,698.6666666666666,2.466666666666667,Overweight
38,Male,71.9,1.77,197,142,72,1.12,875.0,Cardio,25.7,3.1,2,1,22.95,125,781.2499999999999,2.767857142857143,Normal
50,Female,71.0,1.68,187,161,70,1.17,848.0,Yoga,33.1,2.5,2,1,25.16,117,724.7863247863248,2.1367521367521367,Overweight
29,Male,120.9,1.78,197,168,65,0.78,721.0,Yoga,28.1,3.4,2,1,38.16,132,924.3589743589744,4.358974358974359,Obese
39,Female,64.3,1.69,190,148,58,1.25,925.0,HIIT,26.9,1.9,4,2,22.51,132,740.0,1.52,Normal
42,Female,63.7,1.71,173,169,62,1.42,1080.0,Yoga,26.1,1.8,3,2,21.78,111,760.5633802816902,1.267605633802817,Normal
44,Male,65.2,1.8,192,139,68,0.73,502.0,HIIT,27.2,2.7,2,1,20.12,124,687.6712328767123,3.6986301369863015,Normal
59,Male,53.9,1.75,168,135,69,1.48,989.0,Strength,21.6,2.8,4,2,17.6,99,668.2432432432432,1.8918918918918919,Underweight
45,Male,84.9,1.86,186,136,66,1.64,1104.0,HIIT,14.2,3.5,5,3,24.54,120,673.1707317073171,2.1341463414634148,Normal
33,Female,78.0,1.68,183,135,55,1.29,871.0,HIIT,32.3,1.8,3,2,27.64,128,675.1937984496124,1.3953488372093024,Overweight
32,Male,108.2,1.8,172,138,53,1.27,964.0,HIIT,28.4,3.5,3,1,33.4,119,759.0551181102362,2.7559055118110236,Obese
20,Female,65.4,1.52,185,127,50,1.03,654.0,Yoga,28.0,2.2,4,2,28.31,135,634.9514563106796,2.1359223300970873,Overweight
54,Female,50.2,1.61,188,157,67,1.48,1046.0,HIIT,28.2,2.7,2,1,19.37,121,706.7567567567568,1.8243243243243246,Normal
24,Female,58.9,1.51,187,157,68,1.04,816.0,Cardio,31.7,2.5,2,1,25.83,119,784.6153846153846,2.4038461538461537,Overweight
38,Male,81.4,1.71,187,148,58,1.52,1237.0,HIIT,10.2,3.5,5,3,27.84,129,813.8157894736842,2.3026315789473686,Overweight
26,Male,127.6,1.73,167,160,62,1.32,1162.0,Strength,27.3,2.9,3,1,42.63,105,880.3030303030303,2.196969696969697,Obese
56,Female,59.3,1.56,182,155,57,1.26,879.0,Cardio,33.4,2.6,4,2,24.37,125,697.6190476190476,2.0634920634920637,Normal
35,Male,96.9,1.71,188,145,72,1.34,1069.0,Strength,24.2,2.9,3,2,33.14,116,797.7611940298507,2.1641791044776117,Obese
21,Male,62.6,1.81,164,150,62,1.3,1072.0,Strength,27.6,3.5,4,2,19.11,102,824.6153846153846,2.692307692307692,Normal
42,Male,45.5,1.6,166,163,64,1.31,1057.0,Strength,21.7,2.6,3,2,17.77,102,806.8702290076336,1.984732824427481,Underweight
31,Female,48.8,1.51,195,131,60,1.48,969.0,Cardio,28.2,2.0,2,1,21.4,135,654.7297297297297,1.3513513513513513,Normal
26,Female,44.3,1.6,186,136,61,1.08,734.0,Cardio,34.7,2.0,3,1,17.3,125,679.6296296296296,1.8518518518518516,Underweight
43,Male,113.2,1.83,161,134,63,1.45,962.0,Yoga,29.9,2.9,4,2,33.8,98,663.448275862069,2.0,Obese
19,Female,60.5,1.59,184,128,53,1.14,730.0,Cardio,30.1,2.2,2,1,23.93,131,640.3508771929825,1.929824561403509,Normal
37,Male,124.2,1.76,168,158,50,1.5,1304.0,HIIT,29.3,2.8,2,1,40.1,118,869.3333333333334,1.8666666666666665,Obese
45,Male,52.4,1.85,186,161,73,1.2,956.0,Strength,25.2,2.5,3,1,15.31,113,796.6666666666667,2.0833333333333335,Underweight
24,Male,54.7,1.74,160,167,53,0.84,772.0,Yoga,22.9,3.6,3,1,18.07,107,919.047619047619,4.285714285714286,Underweight
25,Male,88.1,1.95,182,131,68,1.41,1016.0,Cardio,22.7,3.0,2,1,23.17,114,720.5673758865248,2.127659574468085,Normal
52,Female,59.7,1.71,169,151,58,1.23,836.0,Strength,34.3,2.0,3,1,20.42,111,679.6747967479674,1.6260162601626016,Normal
31,Female,79.7,1.54,184,144,59,1.03,742.0,Cardio,26.7,2.3,4,2,33.61,125,720.3883495145631,2.233009708737864,Obese
34,Female,51.0,1.62,162,158,53,1.42,1122.0,Yoga,30.8,2.4,3,2,19.43,109,790.1408450704225,1.6901408450704225,Normal
53,Male,84.2,1.76,165,137,69,1.67,1133.0,Cardio,12.8,3.5,5,3,27.18,96,678.4431137724551,2.0958083832335332,Overweight
57,Male,122.1,1.89,165,134,58,1.13,750.0,Cardio,27.4,3.6,3,1,34.18,107,663.7168141592921,3.1858407079646023,Obese
21,Male,96.7,1.72,161,151,62,1.26,1046.0,Strength,25.0,2.8,3,1,32.69,99,830.1587301587301,2.222222222222222,Obese
19,Female,73.0,1.79,177,125,61,0.81,506.0,HIIT,27.7,1.6,3,1,22.78,116,624.6913580246913,1.9753086419753085,Normal
23,Male,114.8,1.6,182,163,60,1.47,1318.0,Cardio,21.7,2.7,4,2,44.84,122,896.5986394557823,1.8367346938775513,Obese
59,Female,65.5,1.52,161,162,61,1.4,1021.0,Yoga,31.2,2.1,3,2,28.35,100,729.2857142857143,1.5000000000000002,Overweight
21,Female,50.3,1.52,171,154,67,1.08,832.0,Cardio,32.2,2.6,3,1,21.77,104,770.3703703703703,2.4074074074074074,Normal
46,Female,61.0,1.71,181,153,61,1.67,1150.0,Cardio,17.8,2.7,4,3,20.86,120,688.622754491018,1.6167664670658684,Normal
35,Female,44.6,1.62,196,157,65,0.56,440.0,HIIT,32.4,2.0,2,1,16.99,131,785.7142857142857,3.571428571428571,Underweight
43,Female,58.2,1.61,179,124,54,1.04,580.0,Strength,26.4,2.6,3,2,22.45,125,557.6923076923076,2.5,Normal
51,Female,44.8,1.63,198,137,69,1.08,666.0,Yoga,33.8,2.1,4,2,16.86,129,616.6666666666666,1.9444444444444444,Underweight
27,Male,87.5,1.63,183,135,74,1.75,1299.0,Strength,12.9,3.5,5,3,32.93,109,742.2857142857143,2.0,Obese
53,Male,51.8,1.74,179,127,61,1.23,773.0,Strength,21.3,3.7,3,2,17.11,118,628.4552845528456,3.008130081300813,Underweight
31,Female,64.4,1.7,160,144,70,1.97,1418.0,Strength,17.3,2.7,5,3,22.28,90,719.7969543147208,1.3705583756345179,Normal
48,Female,67.1,1.61,160,151,74,0.62,421.0,Cardio,33.4,1.5,2,1,25.89,86,679.0322580645161,2.4193548387096775,Overweight
32,Male,85.9,1.6,176,145,60,1.99,1587.0,HIIT,14.5,3.5,5,3,33.55,116,797.4874371859297,1.7587939698492463,Obese
25,Female,65.4,1.77,160,141,58,0.89,627.0,Cardio,27.6,2.6,3,1,20.88,102,704.4943820224719,2.9213483146067416,Normal
31,Female,61.1,1.76,189,150,67,1.81,1358.0,Yoga,18.6,2.7,4,3,19.72,122,750.2762430939226,1.4917127071823204,Normal
40,Male,106.5,1.65,162,162,74,1.32,1176.0,HIIT,21.0,3.6,4,2,39.12,88,890.9090909090909,2.727272727272727,Obese
57,Female,64.0,1.52,170,129,52,1.73,1004.0,Strength,15.2,2.7,5,3,27.7,118,580.3468208092486,1.5606936416184973,Overweight
38,Female,61.4,1.54,183,131,69,1.47,963.0,HIIT,30.6,2.7,3,2,25.89,114,655.1020408163265,1.8367346938775513,Overweight
33,Female,40.5,1.63,181,147,66,1.07,786.0,Yoga,31.9,1.5,4,2,15.24,115,734.5794392523364,1.4018691588785046,Underweight
35,Male,70.1,1.79,185,125,63,1.08,743.0,Cardio,28.0,2.3,3,2,21.88,122,687.9629629629629,2.1296296296296293,Normal
41,Male,94.1,1.62,172,139,50,1.13,777.0,Cardio,23.4,3.1,4,2,35.86,122,687.6106194690266,2.7433628318584073,Obese
43,Male,55.5,1.82,160,124,66,1.08,663.0,Strength,20.1,2.0,3,1,16.76,94,613.8888888888888,1.8518518518518516,Underweight
42,Female,53.7,1.72,183,142,74,1.37,875.0,Cardio,29.8,1.6,3,1,18.15,109,638.6861313868612,1.167883211678832,Underweight
58,Female,66.1,1.75,169,128,57,0.63,363.0,Cardio,25.2,1.8,2,1,21.58,112,576.1904761904761,2.857142857142857,Normal
46,Male,103.9,1.77,194,148,54,1.18,864.0,Yoga,20.9,2.9,2,1,33.16,140,732.2033898305085,2.457627118644068,Obese
32,Female,61.7,1.58,183,135,54,1.87,1262.0,HIIT,16.6,2.7,5,3,24.72,129,674.8663101604278,1.4438502673796791,Normal
18,Female,52.3,1.74,187,165,58,1.2,990.0,Cardio,29.4,2.2,2,1,17.27,129,825.0,1.8333333333333335,Underweight
42,Female,59.5,1.74,195,141,52,1.78,1129.0,Yoga,16.4,2.7,5,3,19.65,143,634.2696629213483,1.5168539325842698,Normal
24,Female,72.9,1.76,175,127,68,0.86,546.0,Yoga,30.8,1.5,3,1,23.53,107,634.8837209302326,1.744186046511628,Normal
26,Female,76.7,1.63,199,139,72,1.08,751.0,Strength,25.6,1.7,2,1,28.87,127,695.3703703703703,1.574074074074074,Overweight
41,Male,72.1,1.83,175,133,58,1.13,744.0,Yoga,21.4,2.8,3,2,21.53,117,658.4070796460178,2.47787610619469,Normal
18,Female,54.8,1.68,176,158,71,1.27,1003.0,Strength,32.0,2.2,4,2,19.42,105,789.763779527559,1.7322834645669292,Normal
25,Male,105.0,1.88,174,156,67,1.34,1150.0,Cardio,21.4,2.3,3,2,29.71,107,858.2089552238806,1.716417910447761,Overweight
41,Female,55.0,1.55,175,169,65,1.45,1103.0,Strength,31.4,2.0,4,2,22.89,110,760.6896551724138,1.3793103448275863,Normal
28,Male,81.6,1.66,174,153,50,1.09,917.0,Yoga,20.5,3.5,4,2,29.61,124,841.2844036697247,3.2110091743119265,Overweight
34,Female,75.6,1.6,193,130,51,0.64,416.0,HIIT,29.1,2.7,2,1,29.53,142,650.0,4.21875,Overweight
25,Male,81.5,1.61,170,159,63,1.93,1688.0,HIIT,10.9,3.5,4,3,31.44,107,874.6113989637306,1.8134715025906736,Obese
52,Female,61.5,1.69,160,152,63,1.8,1231.0,Cardio,15.5,2.7,4,3,21.53,97,683.8888888888889,1.5,Normal
52,Male,74.0,1.63,174,150,50,1.26,936.0,Cardio,25.7,3.7,3,2,27.85,124,742.8571428571429,2.9365079365079367,Overweight
50,Female,56.4,1.59,185,163,74,1.26,924.0,HIIT,34.3,2.6,3,1,22.31,111,733.3333333333334,2.0634920634920637,Normal
22,Male,102.6,1.84,163,153,65,1.25,1052.0,Strength,20.5,2.7,3,2,30.3,98,841.6,2.16,Obese
59,Female,54.6,1.57,164,169,64,0.58,441.0,Cardio,29.2,2.3,3,1,22.15,100,760.344827586207,3.9655172413793105,Normal
56,Male,129.0,1.78,194,126,64,1.29,805.0,Yoga,27.1,2.7,2,1,40.71,130,624.031007751938,2.0930232558139537,Obese
58,Male,103.5,1.66,172,168,61,1.33,1106.0,Cardio,24.6,3.1,3,1,37.56,111,831.578947368421,2.3308270676691727,Obese
45,Female,59.4,1.51,169,142,65,1.15,735.0,Strength,33.1,1.9,4,2,26.05,104,639.1304347826087,1.6521739130434783,Overweight
24,Female,60.1,1.79,170,165,63,1.97,1625.0,Cardio,15.9,2.7,4,3,18.76,107,824.8730964467005,1.3705583756345179,Normal
26,Male,77.7,1.62,177,126,73,1.16,804.0,Yoga,29.6,3.0,3,2,29.61,104,693.1034482758621,2.586206896551724,Overweight
25,Female,41.2,1.62,193,144,64,1.49,1073.0,Yoga,28.9,2.1,4,2,15.7,129,720.1342281879195,1.4093959731543624,Underweight
29,Male,58.6,1.61,198,122,72,1.2,805.0,Yoga,23.4,2.0,3,2,22.61,126,670.8333333333334,1.6666666666666667,Normal
51,Male,109.3,1.78,182,157,64,0.54,420.0,Strength,28.7,3.3,3,1,34.5,118,777.7777777777777,6.111111111111111,Obese
50,Male,69.6,1.96,166,139,68,0.97,667.0,Strength,25.6,2.0,3,1,18.12,98,687.6288659793814,2.061855670103093,Underweight
40,Female,56.2,1.79,198,153,57,1.79,1369.0,Yoga,17.6,2.7,5,3,17.54,141,764.804469273743,1.5083798882681565,Underweight
41,Male,71.7,1.96,162,168,51,0.51,424.0,Yoga,27.3,2.5,2,1,18.66,111,831.3725490196078,4.901960784313726,Normal
54,Male,86.0,1.93,171,163,51,1.74,1404.0,Strength,12.9,3.5,5,3,23.09,120,806.8965517241379,2.0114942528735633,Normal
52,Female,79.4,1.59,166,163,59,1.39,1020.0,Strength,26.6,1.5,3,2,31.41,107,733.8129496402878,1.0791366906474822,Obese
57,Female,78.4,1.62,185,149,52,1.01,677.0,Strength,31.7,2.0,4,2,29.87,133,670.2970297029702,1.9801980198019802,Overweight
39,Female,55.4,1.6,192,136,72,1.44,979.0,HIIT,26.3,1.6,3,2,21.64,120,679.8611111111111,1.1111111111111112,Normal
44,Female,61.7,1.55,196,129,66,1.41,819.0,Strength,33.1,2.6,4,2,25.68,130,580.8510638297872,1.843971631205674,Overweight
52,Male,85.5,1.82,174,154,57,1.78,1357.0,Yoga,14.9,3.5,4,3,25.81,117,762.3595505617977,1.9662921348314606,Overweight
18,Male,87.6,1.93,161,139,72,1.72,1315.0,HIIT,11.9,3.5,4,3,23.52,89,764.5348837209302,2.0348837209302326,Normal
52,Male,82.4,1.72,166,137,53,1.01,685.0,Strength,24.4,2.7,4,2,27.85,113,678.2178217821782,2.6732673267326734,Overweight
54,Male,67.0,1.68,191,164,63,0.55,446.0,Yoga,20.5,2.8,3,1,23.74,128,810.9090909090909,5.09090909090909,Normal
31,Female,42.3,1.6,163,163,70,1.09,888.0,Cardio,25.1,1.9,3,2,16.52,93,814.6788990825687,1.7431192660550456,Underweight
20,Male,82.7,1.99,179,146,59,1.69,1357.0,HIIT,14.6,3.5,5,3,20.88,120,802.9585798816569,2.0710059171597632,Normal
18,Male,92.4,1.74,195,168,50,1.41,1303.0,Yoga,21.3,3.1,2,1,30.52,145,924.113475177305,2.1985815602836882,Obese
22,Female,63.2,1.54,191,155,53,1.02,790.0,Cardio,29.5,2.4,4,2,26.65,138,774.5098039215686,2.3529411764705883,Overweight
43,Male,82.7,1.85,187,142,50,1.22,858.0,Yoga,28.2,3.1,4,2,24.16,137,703.2786885245902,2.540983606557377,Normal
31,Male,86.6,1.76,172,151,66,1.29,1071.0,Strength,28.9,3.3,3,2,27.96,106,830.2325581395348,2.5581395348837206,Overweight
56,Male,129.5,1.95,160,129,66,1.0,639.0,Strength,25.2,3.5,2,1,34.06,94,639.0,3.5,Obese
44,Male,98.0,1.83,194,130,56,1.28,824.0,Cardio,25.7,3.5,4,2,29.26,138,643.75,2.734375,Overweight
26,Male,86.2,1.68,189,157,72,1.97,1701.0,Strength,13.3,3.5,5,3,30.54,117,863.4517766497462,1.7766497461928934,Obese
32,Male,78.6,1.62,195,125,69,1.28,880.0,Yoga,29.6,3.1,3,1,29.95,126,687.5,2.421875,Overweight
32,Female,59.0,1.66,184,160,64,0.51,408.0,Cardio,31.0,1.8,2,1,21.41,120,800.0,3.5294117647058822,Normal
43,Female,57.3,1.79,175,166,62,1.98,1479.0,Yoga,17.8,2.7,4,3,17.88,113,746.969696969697,1.3636363636363638,Underweight
59,Male,122.3,1.89,178,153,51,0.66,500.0,Yoga,20.1,3.1,3,1,34.24,127,757.5757575757575,4.696969696969697,Obese
30,Male,85.3,1.95,160,155,68,1.61,1373.0,Yoga,10.4,3.5,5,3,22.43,92,852.7950310559006,2.1739130434782608,Normal
49,Female,45.2,1.74,164,156,73,1.24,870.0,Strength,30.8,2.1,3,2,14.93,91,701.6129032258065,1.6935483870967742,Underweight
56,Male,55.6,1.92,181,136,62,0.68,458.0,Strength,29.4,3.2,3,1,15.08,119,673.5294117647059,4.705882352941177,Underweight
49,Male,82.8,1.95,183,159,73,1.91,1503.0,Yoga,14.3,3.5,5,3,21.78,110,786.910994764398,1.8324607329842932,Normal
21,Male,125.2,1.66,196,159,60,1.38,1207.0,HIIT,29.8,3.4,3,2,45.43,136,874.6376811594204,2.4637681159420293,Obese
47,Female,58.5,1.79,195,131,71,1.42,837.0,Yoga,30.3,2.4,4,2,18.26,124,589.4366197183099,1.6901408450704225,Underweight
54,Male,86.1,1.95,195,140,64,1.17,811.0,Yoga,27.9,3.4,2,1,22.64,131,693.1623931623932,2.905982905982906,Normal
40,Female,63.5,1.61,163,159,59,1.31,1041.0,Cardio,33.4,1.6,3,2,24.5,104,794.6564885496183,1.2213740458015268,Normal
56,Male,69.3,1.68,195,138,58,0.66,451.0,Yoga,26.5,2.1,2,1,24.55,137,683.3333333333333,3.1818181818181817,Normal
32,Female,70.5,1.62,177,122,58,1.24,756.0,Strength,28.4,1.8,2,1,26.86,119,609.6774193548387,1.4516129032258065,Overweight
46,Female,60.1,1.65,175,137,69,1.69,1042.0,Cardio,17.3,2.7,4,3,22.08,106,616.5680473372781,1.5976331360946747,Normal
53,Male,94.1,1.95,177,138,50,0.89,608.0,HIIT,28.6,3.5,3,1,24.75,127,683.1460674157303,3.932584269662921,Normal
30,Female,79.2,1.62,181,166,66,1.26,1046.0,Cardio,28.0,2.5,4,2,30.18,115,830.1587301587301,1.9841269841269842,Obese
49,Male,115.3,1.91,161,125,61,1.38,854.0,HIIT,29.2,3.2,2,1,31.61,100,618.840579710145,2.3188405797101455,Obese
24,Female,62.9,1.79,180,135,59,1.42,958.0,Cardio,27.3,2.3,4,2,19.63,121,674.6478873239437,1.619718309859155,Normal
39,Male,62.0,1.64,195,127,54,0.97,678.0,Cardio,27.5,3.2,3,1,23.05,141,698.9690721649484,3.2989690721649487,Normal
45,Male,88.5,1.78,198,167,67,1.53,1265.0,HIIT,13.2,3.5,4,3,27.93,131,826.7973856209151,2.287581699346405,Overweight
19,Female,73.9,1.77,198,137,64,1.28,877.0,Strength,32.5,2.6,3,2,23.59,134,685.15625,2.03125,Normal
59,Male,50.3,1.95,188,167,55,1.07,885.0,Strength,24.4,3.4,3,1,13.23,133,827.1028037383177,3.177570093457944,Underweight
23,Male,83.1,1.8,185,162,56,0.7,624.0,Strength,29.3,3.1,3,1,25.65,129,891.4285714285714,4.428571428571429,Overweight
45,Female,65.1,1.78,180,158,66,1.46,1038.0,Cardio,31.3,2.3,3,1,20.55,114,710.9589041095891,1.5753424657534245,Normal
45,Male,46.6,1.79,176,168,55,1.46,1214.0,Yoga,22.9,2.4,3,2,14.54,121,831.5068493150685,1.643835616438356,Underweight
37,Male,103.5,1.89,175,168,57,0.54,499.0,Cardio,26.4,3.1,2,1,28.97,118,924.074074074074,5.7407407407407405,Overweight
47,Female,61.9,1.54,190,131,61,1.95,1150.0,Yoga,16.4,2.7,4,3,26.1,129,589.7435897435897,1.3846153846153848,Overweight
28,Female,52.0,1.61,168,164,70,1.32,1082.0,Yoga,27.9,2.0,3,2,20.06,98,819.6969696969696,1.5151515151515151,Normal
45,Male,113.4,1.71,190,129,63,0.83,530.0,Strength,24.0,2.3,2,1,38.78,127,638.5542168674699,2.7710843373493974,Obese
42,Male,62.9,1.98,173,126,61,1.42,886.0,Yoga,28.5,3.4,4,2,16.04,112,623.943661971831,2.3943661971830985,Underweight
56,Female,40.4,1.8,196,165,72,1.23,913.0,Cardio,30.0,2.1,4,2,12.47,124,742.2764227642276,1.707317073170732,Underweight
50,Female,67.1,1.75,161,120,59,0.67,362.0,Cardio,31.8,2.7,3,1,21.91,102,540.2985074626865,4.029850746268656,Normal
18,Male,70.0,1.61,173,168,71,1.3,1201.0,Strength,23.9,2.5,2,1,27.01,102,923.8461538461538,1.923076923076923,Overweight
44,Female,69.5,1.75,192,155,69,1.02,711.0,HIIT,27.6,2.1,3,1,22.69,123,697.0588235294117,2.058823529411765,Normal
30,Male,107.9,1.66,194,140,64,1.08,832.0,Cardio,29.5,2.8,3,2,39.16,130,770.3703703703703,2.592592592592592,Obese
58,Male,109.0,1.91,198,156,56,1.49,1151.0,Yoga,26.0,2.2,3,2,29.88,142,772.48322147651,1.476510067114094,Overweight
20,Male,101.0,1.91,179,143,58,1.36,1070.0,Cardio,29.3,2.7,3,2,27.69,121,786.7647058823529,1.9852941176470589,Overweight
56,Male,88.5,1.85,161,144,59,1.57,1119.0,Cardio,11.0,3.5,4,3,25.86,102,712.7388535031847,2.229299363057325,Overweight
23,Male,80.9,1.8,178,126,59,1.55,1074.0,Cardio,10.7,3.5,4,3,24.97,119,692.9032258064516,2.258064516129032,Normal
25,Female,43.1,1.62,196,161,65,1.04,837.0,HIIT,33.6,1.8,4,2,16.42,131,804.8076923076923,1.7307692307692308,Underweight
44,Female,59.1,1.52,177,136,56,1.58,967.0,Yoga,18.4,2.7,5,3,25.58,121,612.0253164556962,1.7088607594936709,Overweight
26,Female,54.0,1.53,175,148,54,1.14,844.0,Strength,26.9,1.7,3,1,23.07,121,740.3508771929825,1.4912280701754388,Normal
54,Female,72.3,1.78,163,149,72,1.27,852.0,Cardio,27.7,1.8,2,1,22.82,91,670.8661417322835,1.4173228346456692,Normal
50,Male,51.1,1.98,171,126,52,0.92,574.0,Yoga,28.0,2.4,2,1,13.03,119,623.9130434782609,2.6086956521739126,Underweight
59,Male,89.4,1.72,188,152,67,1.08,813.0,Yoga,24.5,3.2,3,1,30.22,121,752.7777777777777,2.962962962962963,Obese
41,Male,51.5,1.8,166,126,60,1.09,680.0,Strength,26.7,2.1,4,2,15.9,106,623.8532110091743,1.926605504587156,Underweight
32,Male,87.9,1.88,173,143,64,1.52,1195.0,Cardio,11.6,3.5,5,3,24.87,109,786.1842105263157,2.3026315789473686,Normal
49,Female,42.0,1.52,171,130,70,1.1,644.0,HIIT,28.8,2.2,3,1,18.18,101,585.4545454545454,2.0,Underweight
49,Male,79.2,1.72,194,128,69,1.46,925.0,Yoga,29.9,3.3,3,1,26.77,125,633.5616438356165,2.26027397260274,Overweight
41,Male,64.8,1.71,164,131,54,1.2,778.0,Strength,22.5,2.8,3,2,22.16,110,648.3333333333334,2.3333333333333335,Normal
58,Female,63.0,1.78,176,154,73,1.58,1095.0,HIIT,17.5,2.7,4,3,19.88,103,693.0379746835442,1.7088607594936709,Normal
29,Female,56.2,1.77,191,123,61,0.68,418.0,Yoga,33.4,2.6,3,1,17.94,130,614.7058823529411,3.8235294117647056,Underweight
56,Female,52.9,1.64,169,155,53,1.1,767.0,Cardio,27.4,2.3,3,2,19.67,116,697.2727272727273,2.0909090909090904,Normal
19,Female,49.0,1.69,176,147,64,1.05,772.0,Yoga,29.2,2.4,3,1,17.16,112,735.2380952380952,2.2857142857142856,Underweight
20,Male,128.2,1.84,164,132,58,0.83,603.0,HIIT,26.2,2.3,3,1,37.87,106,726.5060240963855,2.7710843373493974,Obese
54,Male,83.6,1.86,168,142,56,1.54,1082.0,HIIT,12.4,3.5,5,3,24.16,112,702.5974025974026,2.2727272727272725,Normal
34,Female,56.2,1.77,192,138,59,1.81,1249.0,Cardio,17.3,2.7,5,3,17.94,133,690.0552486187845,1.4917127071823204,Underweight
19,Male,87.8,1.78,195,161,72,1.28,1133.0,Cardio,23.6,3.3,2,1,27.71,123,885.15625,2.578125,Overweight
19,Male,85.9,1.85,195,156,62,1.66,1424.0,Strength,12.9,3.5,4,3,25.1,133,857.8313253012049,2.108433734939759,Overweight
45,Male,51.1,1.87,177,158,57,1.44,1126.0,Cardio,26.2,3.4,4,2,14.61,120,781.9444444444445,2.361111111111111,Underweight
40,Female,57.4,1.71,168,143,61,1.87,1337.0,Strength,18.3,2.7,5,3,19.63,107,714.9732620320855,1.4438502673796791,Normal
54,Male,114.9,1.92,188,135,71,1.2,802.0,HIIT,20.7,2.6,4,2,31.17,117,668.3333333333334,2.166666666666667,Obese
49,Female,62.1,1.66,173,152,73,1.37,937.0,HIIT,31.3,1.8,3,2,22.54,100,683.941605839416,1.313868613138686,Normal
50,Male,57.1,1.91,184,131,68,1.09,707.0,Yoga,29.5,2.7,4,2,15.65,116,648.6238532110091,2.477064220183486,Underweight
18,Male,68.1,1.8,174,153,50,1.1,926.0,Yoga,25.4,3.3,4,2,21.02,124,841.8181818181818,2.9999999999999996,Normal
36,Male,69.2,1.65,165,126,65,1.23,852.0,Strength,27.2,2.7,3,1,25.42,100,692.6829268292684,2.1951219512195124,Overweight
19,Female,65.2,1.52,188,130,71,1.23,800.0,Cardio,30.6,2.4,3,1,28.22,117,650.4065040650406,1.951219512195122,Overweight
43,Male,108.6,1.73,174,150,66,1.33,988.0,Cardio,28.5,2.2,2,1,36.29,108,742.8571428571428,1.6541353383458648,Obese
49,Female,40.0,1.65,188,148,74,1.03,686.0,Yoga,34.3,2.5,3,2,14.69,114,666.0194174757281,2.4271844660194173,Underweight
23,Female,41.9,1.58,163,132,67,0.56,370.0,HIIT,26.8,1.8,3,1,16.78,96,660.7142857142857,3.214285714285714,Underweight
49,Female,68.3,1.52,177,150,60,1.45,979.0,Strength,29.4,1.8,4,2,29.56,117,675.1724137931035,1.2413793103448276,Overweight
21,Male,88.4,1.6,198,121,67,1.71,1138.0,HIIT,12.0,3.5,4,3,34.53,131,665.4970760233919,2.046783625730994,Obese
28,Male,66.0,1.9,175,158,56,1.18,1025.0,HIIT,24.1,3.0,3,1,18.28,119,868.6440677966102,2.5423728813559325,Underweight
34,Male,71.9,1.64,170,134,67,1.26,929.0,Cardio,21.3,2.1,4,2,26.73,103,737.3015873015873,1.6666666666666667,Overweight
55,Male,75.6,1.71,173,130,57,1.03,663.0,Strength,28.1,2.0,4,2,25.85,116,643.6893203883495,1.941747572815534,Overweight
41,Female,63.4,1.59,162,153,55,1.84,1267.0,HIIT,15.2,2.7,5,3,25.08,107,688.5869565217391,1.4673913043478262,Overweight
22,Female,71.6,1.77,197,158,56,1.49,1177.0,Yoga,30.3,1.8,3,1,22.85,141,789.9328859060403,1.2080536912751678,Normal
51,Female,57.4,1.77,177,123,72,1.08,598.0,Yoga,31.6,2.1,4,2,18.32,105,553.7037037037037,1.9444444444444444,Underweight
23,Male,83.8,1.99,179,130,71,1.79,1280.0,Cardio,11.0,3.5,4,3,21.16,108,715.0837988826815,1.9553072625698324,Normal
39,Female,55.9,1.71,184,148,59,1.95,1443.0,Yoga,19.5,2.7,5,3,19.12,125,740.0,1.3846153846153848,Normal
28,Male,87.0,1.76,197,121,60,1.2,799.0,Yoga,28.4,3.5,3,2,28.09,137,665.8333333333334,2.916666666666667,Overweight
33,Female,65.3,1.71,172,135,74,1.18,796.0,HIIT,29.7,2.5,4,2,22.33,98,674.5762711864407,2.1186440677966103,Normal
50,Male,45.4,1.67,163,158,62,1.37,1071.0,Yoga,24.1,2.8,4,2,16.28,101,781.7518248175182,2.043795620437956,Underweight
26,Male,87.1,1.87,173,132,58,1.71,1241.0,Yoga,11.2,3.5,4,3,24.91,115,725.7309941520468,2.046783625730994,Normal
23,Female,78.6,1.73,192,156,56,1.47,1147.0,HIIT,32.3,1.5,4,2,26.26,136,780.2721088435375,1.0204081632653061,Overweight
33,Female,78.0,1.71,187,136,58,1.08,734.0,Cardio,26.3,2.1,3,1,26.67,129,679.6296296296296,1.9444444444444444,Overweight
46,Female,58.0,1.53,196,140,62,1.83,1153.0,Cardio,18.4,2.7,4,3,24.78,134,630.0546448087431,1.4754098360655739,Normal
20,Female,71.3,1.69,167,163,52,1.28,1043.0,Strength,33.4,2.3,3,2,24.96,115,814.84375,1.7968749999999998,Normal
37,Male,49.1,1.74,193,138,52,1.11,842.0,Yoga,22.3,2.6,3,2,16.22,141,758.5585585585585,2.3423423423423424,Underweight
53,Female,78.3,1.65,164,126,50,1.24,703.0,HIIT,33.7,1.6,3,1,28.76,114,566.9354838709678,1.2903225806451615,Overweight
36,Female,57.3,1.64,164,157,70,1.13,887.0,Strength,25.3,1.8,4,2,21.3,94,784.9557522123895,1.5929203539823011,Normal
43,Female,48.4,1.61,190,127,69,1.28,732.0,Cardio,34.1,2.4,2,1,18.67,121,571.875,1.875,Normal
20,Male,76.4,1.62,168,132,51,1.35,980.0,Cardio,21.2,2.6,4,2,29.11,117,725.9259259259259,1.9259259259259258,Overweight
36,Male,110.2,1.77,191,156,74,1.19,1021.0,HIIT,26.5,3.4,2,1,35.18,117,857.983193277311,2.857142857142857,Obese
37,Female,72.9,1.76,192,121,52,1.21,732.0,Strength,27.5,1.9,3,2,23.53,140,604.9586776859504,1.5702479338842974,Normal
49,Male,82.1,1.86,162,160,64,1.87,1481.0,Strength,14.2,3.5,4,3,23.73,98,791.9786096256684,1.8716577540106951,Normal
24,Female,58.9,1.76,189,130,73,0.63,410.0,HIIT,30.1,1.7,3,1,19.01,116,650.7936507936508,2.698412698412698,Normal
58,Male,82.2,1.87,171,143,55,1.57,1111.0,HIIT,10.7,3.5,4,3,23.51,116,707.6433121019109,2.229299363057325,Normal
50,Male,96.7,1.72,188,125,62,1.46,903.0,Strength,25.7,2.7,3,2,32.69,126,618.4931506849315,1.8493150684931507,Obese
57,Male,81.4,1.86,162,145,70,1.8,1292.0,Cardio,12.0,3.5,5,3,23.53,92,717.7777777777777,1.9444444444444444,Normal
56,Male,107.8,1.73,185,126,50,1.09,680.0,Yoga,26.6,2.8,3,2,36.02,135,623.8532110091743,2.568807339449541,Obese
35,Female,65.8,1.62,189,158,69,1.0,790.0,Cardio,33.8,1.5,4,2,25.07,120,790.0,1.5,Overweight
57,Female,68.5,1.56,168,138,68,1.45,900.0,HIIT,29.1,1.6,4,2,28.15,100,620.6896551724138,1.103448275862069,Overweight
18,Female,63.9,1.59,185,125,50,1.87,1169.0,Strength,16.4,2.7,4,3,25.28,135,625.1336898395722,1.4438502673796791,Overweight
28,Male,76.3,1.62,161,162,70,1.16,1034.0,Strength,20.1,2.3,3,2,29.07,91,891.3793103448277,1.9827586206896552,Overweight
45,Female,44.5,1.65,162,148,71,1.44,959.0,Yoga,30.7,1.6,3,1,16.35,91,665.9722222222223,1.1111111111111112,Underweight
42,Female,50.7,1.75,163,162,51,1.29,940.0,Strength,29.0,1.9,3,2,16.56,112,728.6821705426356,1.4728682170542635,Underweight
40,Female,55.1,1.61,184,158,64,1.55,1224.0,Yoga,16.9,2.7,4,3,21.26,120,789.6774193548387,1.7419354838709677,Normal
48,Male,73.7,1.61,172,121,63,1.36,815.0,Cardio,21.8,3.6,4,2,28.43,109,599.2647058823529,2.6470588235294117,Overweight
47,Male,55.6,1.77,198,138,68,1.2,820.0,Cardio,24.3,2.9,4,2,17.75,130,683.3333333333334,2.4166666666666665,Underweight
59,Male,86.9,1.76,194,123,60,1.13,688.0,Strength,29.8,3.1,3,2,28.05,134,608.849557522124,2.7433628318584073,Overweight
52,Female,60.3,1.68,182,125,64,1.6,900.0,Strength,16.5,2.7,4,3,21.36,118,562.5,1.6875,Normal
24,Female,40.4,1.64,168,168,55,0.99,832.0,HIIT,31.0,1.9,2,1,15.02,113,840.4040404040404,1.9191919191919191,Underweight
33,Female,78.5,1.66,161,156,69,1.29,1006.0,HIIT,32.8,1.9,4,2,28.49,92,779.8449612403101,1.4728682170542635,Overweight
43,Male,102.6,1.72,190,147,58,0.82,597.0,Strength,27.5,2.0,2,1,34.68,132,728.048780487805,2.4390243902439024,Obese
19,Male,110.8,1.91,161,149,54,1.31,1074.0,Strength,23.3,2.9,2,1,30.37,107,819.8473282442748,2.213740458015267,Obese
18,Female,60.9,1.79,191,126,69,1.11,699.0,Cardio,31.1,2.1,2,1,19.01,122,629.7297297297297,1.8918918918918919,Normal
29,Male,55.7,1.61,177,128,51,1.41,993.0,Strength,28.7,2.3,3,1,21.49,126,704.2553191489362,1.6312056737588652,Normal
22,Male,110.5,1.92,172,144,55,1.16,919.0,HIIT,20.2,3.3,3,2,29.98,117,792.2413793103449,2.844827586206897,Overweight
54,Male,55.2,1.71,164,152,67,0.77,579.0,Cardio,24.4,2.8,2,1,18.88,97,751.9480519480519,3.6363636363636362,Normal
49,Male,46.5,1.72,169,120,72,1.4,832.0,Yoga,22.2,2.6,4,2,15.72,97,594.2857142857143,1.8571428571428574,Underweight
26,Female,70.9,1.66,184,125,68,0.81,506.0,HIIT,28.9,1.7,3,1,25.73,116,624.6913580246913,2.0987654320987654,Overweight
58,Male,74.6,1.75,193,137,58,1.09,739.0,HIIT,24.2,2.9,2,1,24.36,135,677.9816513761467,2.660550458715596,Normal
52,Male,45.1,1.72,196,129,70,0.93,594.0,Cardio,27.5,3.3,2,1,15.24,126,638.7096774193548,3.548387096774193,Underweight
36,Male,99.9,1.99,189,147,73,1.33,1075.0,Yoga,20.9,2.5,3,1,25.23,116,808.2706766917292,1.8796992481203008,Overweight
33,Male,117.0,1.61,166,130,55,1.04,744.0,HIIT,25.1,2.4,3,2,45.14,111,715.3846153846154,2.3076923076923075,Obese
20,Female,75.9,1.73,165,152,63,1.39,1056.0,Strength,30.6,2.1,4,2,25.36,102,759.7122302158274,1.510791366906475,Overweight
37,Female,71.2,1.64,162,120,73,1.11,666.0,HIIT,29.9,1.7,3,2,26.47,89,600.0,1.5315315315315314,Overweight
41,Male,78.8,1.72,172,132,62,1.01,660.0,Cardio,27.3,3.1,4,2,26.64,110,653.4653465346535,3.0693069306930694,Overweight
50,Male,50.6,1.69,162,156,60,1.31,1012.0,Cardio,23.8,3.0,2,1,17.72,102,772.5190839694657,2.2900763358778624,Underweight
41,Male,82.5,1.79,185,139,61,1.69,1163.0,Cardio,14.7,3.5,4,3,25.75,124,688.1656804733728,2.0710059171597632,Overweight
28,Male,108.5,1.79,183,120,68,1.33,878.0,HIIT,24.8,2.1,4,2,33.86,115,660.1503759398496,1.5789473684210527,Obese
25,Male,49.9,1.98,165,122,68,1.15,772.0,Yoga,25.7,2.1,3,2,12.73,97,671.304347826087,1.8260869565217392,Underweight
53,Male,125.1,1.91,171,137,70,0.52,353.0,Strength,28.3,3.1,2,1,34.29,101,678.8461538461538,5.961538461538462,Obese
55,Female,79.7,1.66,195,160,68,1.06,763.0,Cardio,27.8,1.9,2,1,28.92,127,719.8113207547169,1.792452830188679,Overweight
57,Male,126.8,1.63,161,133,73,0.96,632.0,Yoga,20.8,2.1,2,1,47.72,88,658.3333333333334,2.1875,Obese
37,Female,54.6,1.57,170,150,62,1.31,982.0,Strength,32.1,2.4,3,1,22.15,108,749.618320610687,1.83206106870229,Normal
52,Female,47.8,1.54,198,146,63,1.34,880.0,Cardio,29.8,1.9,3,2,20.16,135,656.7164179104477,1.417910447761194,Normal
42,Male,97.9,1.91,193,136,73,1.01,680.0,Strength,29.0,2.8,3,2,26.84,120,673.2673267326733,2.772277227722772,Overweight
52,Female,63.1,1.54,185,165,67,1.36,1010.0,Strength,34.8,1.8,3,2,26.61,118,742.6470588235294,1.3235294117647058,Overweight
42,Female,72.4,1.69,177,148,61,1.07,713.0,Yoga,29.0,2.3,3,2,25.35,116,666.3551401869158,2.1495327102803734,Overweight
46,Female,58.9,1.7,180,155,53,1.52,1060.0,Strength,17.1,2.7,4,3,20.38,127,697.3684210526316,1.7763157894736843,Normal
35,Female,50.4,1.6,195,156,59,1.03,803.0,Cardio,29.1,1.9,4,2,19.69,136,779.6116504854368,1.8446601941747571,Normal
35,Female,64.2,1.59,199,145,66,1.63,1182.0,Yoga,16.6,2.7,5,3,25.39,133,725.1533742331288,1.6564417177914113,Overweight
19,Female,58.8,1.77,181,136,53,1.4,952.0,HIIT,32.8,2.7,2,1,18.77,128,680.0,1.9285714285714288,Normal
52,Male,105.2,1.62,189,141,61,1.36,949.0,HIIT,27.6,3.2,3,1,40.09,128,697.7941176470588,2.3529411764705883,Obese
33,Female,45.9,1.5,189,144,62,0.92,662.0,Yoga,29.8,1.7,3,1,20.4,127,719.5652173913044,1.8478260869565215,Normal
58,Female,65.2,1.63,167,121,53,1.12,610.0,HIIT,25.4,2.0,3,2,24.54,114,544.6428571428571,1.7857142857142856,Normal
53,Female,56.3,1.79,193,141,59,1.52,964.0,Strength,16.5,2.7,5,3,17.57,134,634.2105263157895,1.7763157894736843,Underweight
50,Male,90.0,1.7,168,124,74,0.81,497.0,Cardio,22.9,2.7,2,1,31.14,94,613.5802469135803,3.3333333333333335,Obese
21,Female,60.0,1.7,179,123,52,1.97,1212.0,Strength,19.1,2.7,5,3,20.76,127,615.2284263959391,1.3705583756345179,Normal
50,Male,51.5,1.71,199,155,64,1.48,1136.0,Yoga,20.9,2.9,2,1,17.61,135,767.5675675675676,1.9594594594594594,Underweight
31,Female,63.1,1.64,184,125,51,1.54,962.0,Cardio,19.0,2.7,4,3,23.46,133,624.6753246753246,1.7532467532467533,Normal
38,Male,91.5,1.77,178,140,74,0.8,616.0,Yoga,26.7,3.4,2,1,29.21,104,770.0,4.25,Overweight
37,Male,48.7,1.67,164,132,74,1.39,1009.0,Yoga,27.3,3.0,2,1,17.46,90,725.8992805755396,2.1582733812949644,Underweight
25,Female,57.8,1.56,170,156,66,1.35,1053.0,Yoga,29.3,1.6,3,2,23.75,104,780.0,1.1851851851851851,Normal
24,Female,42.0,1.75,174,144,55,0.83,598.0,Strength,31.8,2.3,3,1,13.71,119,720.4819277108434,2.7710843373493974,Underweight
20,Male,128.4,1.92,167,145,57,0.63,502.0,Cardio,26.1,2.0,2,1,34.83,110,796.8253968253969,3.1746031746031744,Obese
34,Female,74.2,1.57,178,158,52,1.47,1161.0,Cardio,32.7,2.4,3,1,30.1,126,789.795918367347,1.6326530612244898,Obese
50,Male,89.6,1.68,182,139,74,1.79,1232.0,Cardio,12.2,3.5,5,3,31.75,108,688.268156424581,1.9553072625698324,Obese
29,Male,125.9,2.0,186,152,67,1.36,1137.0,Strength,24.7,3.1,4,2,31.48,119,836.0294117647059,2.2794117647058822,Obese
39,Male,105.5,1.99,199,133,71,0.81,593.0,HIIT,26.4,2.5,2,1,26.64,128,732.0987654320987,3.0864197530864197,Overweight
39,Male,93.4,1.7,191,155,50,1.1,938.0,Strength,21.1,2.5,4,2,32.32,141,852.7272727272726,2.2727272727272725,Obese
47,Male,82.1,1.84,185,136,65,1.37,922.0,Strength,24.4,3.4,4,2,24.25,120,672.9927007299269,2.481751824817518,Normal
55,Female,42.9,1.69,186,140,56,0.9,567.0,Yoga,34.7,2.4,2,1,15.02,130,630.0,2.6666666666666665,Underweight
55,Male,128.4,1.68,178,165,52,1.13,923.0,Cardio,20.4,2.6,4,2,45.49,126,816.8141592920355,2.300884955752213,Obese
25,Male,112.4,1.96,188,135,72,1.42,1054.0,Cardio,23.2,2.5,2,1,29.26,116,742.2535211267606,1.7605633802816902,Overweight
44,Female,77.7,1.79,198,165,53,1.41,1047.0,HIIT,28.1,2.2,3,1,24.25,145,742.5531914893618,1.5602836879432627,Normal
44,Male,89.3,1.99,192,135,58,1.4,936.0,HIIT,26.3,2.0,4,2,22.55,134,668.5714285714287,1.4285714285714286,Normal
51,Female,70.3,1.55,178,139,54,1.4,876.0,Yoga,26.1,1.6,3,1,29.26,124,625.7142857142858,1.142857142857143,Overweight
38,Female,59.1,1.72,196,148,68,1.07,792.0,Cardio,31.3,1.7,3,2,19.98,128,740.1869158878504,1.588785046728972,Normal
47,Female,49.9,1.69,178,147,64,1.48,979.0,HIIT,26.0,1.7,3,2,17.47,114,661.4864864864865,1.1486486486486487,Underweight
50,Male,101.7,1.67,192,127,57,0.53,333.0,HIIT,20.9,2.9,2,1,36.47,135,628.3018867924528,5.471698113207546,Obese
45,Male,93.0,1.91,175,143,55,1.03,729.0,Cardio,27.3,3.7,3,2,25.49,120,707.7669902912621,3.592233009708738,Overweight
50,Male,87.4,1.6,182,122,67,0.77,465.0,Strength,23.2,3.1,2,1,34.14,115,603.8961038961039,4.025974025974026,Obese
22,Female,55.1,1.61,166,144,68,1.62,1166.0,HIIT,19.9,2.7,4,3,21.26,98,719.753086419753,1.6666666666666667,Normal
36,Male,123.7,1.69,185,138,73,1.3,987.0,Cardio,20.4,2.1,4,2,43.31,112,759.2307692307692,1.6153846153846154,Obese
21,Female,61.3,1.57,191,152,64,1.94,1474.0,HIIT,17.2,2.7,4,3,24.87,127,759.7938144329897,1.3917525773195878,Normal
52,Male,72.3,1.94,171,121,56,1.46,874.0,Yoga,21.1,2.9,3,2,19.21,115,598.6301369863014,1.9863013698630136,Normal
34,Female,69.2,1.53,167,134,59,1.36,911.0,HIIT,28.5,2.1,2,1,29.56,108,669.8529411764705,1.5441176470588236,Overweight
45,Male,81.4,1.61,164,141,55,1.14,796.0,Cardio,30.0,2.2,4,2,31.4,109,698.2456140350878,1.929824561403509,Obese
47,Male,84.8,1.86,187,129,63,1.85,1181.0,HIIT,14.4,3.5,5,3,24.51,124,638.3783783783783,1.8918918918918919,Normal
46,Male,55.1,1.72,164,137,66,1.43,970.0,Yoga,20.5,3.6,3,2,18.62,98,678.3216783216784,2.5174825174825175,Normal
23,Female,59.0,1.78,185,141,58,1.67,1177.0,Yoga,17.8,2.7,5,3,18.62,127,704.7904191616767,1.6167664670658684,Normal
52,Female,64.9,1.51,164,165,68,1.83,1359.0,HIIT,18.2,2.7,4,3,28.46,96,742.6229508196722,1.4754098360655739,Overweight
58,Male,109.7,1.75,181,168,54,1.01,840.0,HIIT,22.1,2.7,2,1,35.82,127,831.6831683168317,2.6732673267326734,Obese
54,Male,78.4,1.9,174,146,72,0.81,585.0,Yoga,21.5,3.7,2,1,21.72,102,722.2222222222222,4.567901234567901,Normal
41,Female,76.7,1.79,172,132,56,1.4,832.0,Yoga,34.0,2.0,4,2,23.94,116,594.2857142857143,1.4285714285714286,Normal
46,Female,63.1,1.61,187,152,68,1.0,684.0,Strength,34.7,2.2,4,2,24.34,119,684.0,2.2,Normal
48,Female,62.9,1.58,192,124,69,1.98,1105.0,Strength,20.0,2.7,4,3,25.2,123,558.0808080808081,1.3636363636363638,Overweight
52,Male,85.6,1.74,182,145,56,1.84,1321.0,Yoga,13.9,3.5,4,3,28.27,126,717.9347826086956,1.9021739130434783,Overweight
50,Female,66.3,1.57,192,132,73,1.25,742.0,HIIT,31.6,1.6,2,1,26.9,119,593.6,1.28,Overweight
38,Male,61.3,1.97,177,146,51,1.37,1100.0,Cardio,23.5,2.8,3,1,15.8,126,802.9197080291971,2.043795620437956,Underweight
49,Female,44.1,1.65,189,133,74,1.16,694.0,HIIT,26.7,1.8,4,2,16.2,115,598.2758620689656,1.5517241379310347,Underweight
40,Male,63.8,1.62,185,143,72,1.3,1022.0,HIIT,20.8,3.4,2,1,24.31,113,786.1538461538461,2.6153846153846154,Normal
50,Female,55.4,1.55,175,122,65,1.85,1016.0,Strength,18.5,2.7,4,3,23.06,110,549.1891891891892,1.4594594594594594,Normal
20,Female,74.7,1.58,172,166,62,1.04,863.0,Strength,32.8,2.4,3,2,29.92,110,829.8076923076923,2.3076923076923075,Overweight
35,Female,78.0,1.67,198,168,57,1.13,949.0,Strength,33.3,2.5,4,2,27.97,141,839.8230088495576,2.212389380530974,Overweight
42,Female,57.5,1.67,192,149,55,1.14,764.0,Yoga,34.1,2.4,2,1,20.62,137,670.1754385964913,2.1052631578947367,Normal
59,Female,60.7,1.73,185,154,55,1.03,714.0,Yoga,33.8,2.5,3,2,20.28,130,693.2038834951456,2.4271844660194173,Normal
48,Male,69.0,1.74,160,167,58,1.48,1223.0,HIIT,30.0,2.3,3,2,22.79,102,826.3513513513514,1.554054054054054,Normal
20,Female,75.8,1.78,197,133,53,1.42,944.0,HIIT,27.4,2.0,4,2,23.92,144,664.7887323943662,1.4084507042253522,Normal
57,Female,75.7,1.63,161,131,60,0.69,407.0,Cardio,32.6,2.3,3,1,28.49,101,589.8550724637681,3.3333333333333335,Overweight
41,Female,71.2,1.64,165,147,54,1.42,939.0,HIIT,30.9,2.3,3,2,26.47,111,661.2676056338029,1.619718309859155,Overweight
49,Male,85.0,1.68,197,163,74,1.82,1468.0,HIIT,11.3,3.5,4,3,30.12,123,806.5934065934066,1.923076923076923,Obese
39,Female,63.6,1.56,183,148,66,1.22,903.0,Strength,34.8,2.4,2,1,26.13,117,740.1639344262295,1.9672131147540983,Overweight
40,Male,73.2,1.94,177,162,69,0.81,722.0,Strength,29.0,2.4,2,1,19.45,108,891.358024691358,2.962962962962963,Normal
19,Female,48.3,1.52,186,136,56,0.96,653.0,Strength,26.3,1.6,2,1,20.91,130,680.2083333333334,1.6666666666666667,Normal
44,Female,42.8,1.78,167,159,64,1.49,1066.0,Strength,25.3,2.6,3,2,13.51,103,715.4362416107383,1.7449664429530203,Underweight
59,Male,88.1,1.76,187,168,74,1.35,1123.0,Strength,26.9,3.0,3,2,28.44,113,831.8518518518518,2.222222222222222,Overweight
19,Female,72.4,1.75,169,140,64,1.2,840.0,Cardio,31.0,1.7,4,2,23.64,105,700.0,1.4166666666666667,Normal
43,Male,73.2,1.88,176,142,63,1.17,822.0,Cardio,29.4,3.3,3,1,20.71,113,702.5641025641027,2.8205128205128207,Normal
34,Male,110.5,1.86,188,139,62,1.42,1086.0,Cardio,22.3,3.6,2,1,31.94,126,764.7887323943662,2.535211267605634,Obese
57,Female,46.1,1.76,165,130,60,1.44,842.0,Strength,25.8,1.7,3,2,14.88,105,584.7222222222223,1.1805555555555556,Underweight
50,Male,90.8,1.71,173,153,62,1.07,810.0,Yoga,22.6,3.4,4,2,31.05,111,757.0093457943925,3.177570093457944,Obese
26,Female,59.3,1.51,181,129,71,1.7,1096.0,Strength,15.1,2.7,5,3,26.01,110,644.7058823529412,1.5882352941176472,Overweight
56,Female,45.1,1.73,165,129,73,0.83,482.0,Strength,25.4,2.6,3,1,15.07,92,580.722891566265,3.132530120481928,Underweight
46,Male,45.0,1.77,185,162,58,1.48,1187.0,Cardio,29.1,3.6,3,2,14.36,127,802.0270270270271,2.4324324324324325,Underweight
59,Male,89.4,1.62,198,125,59,1.43,885.0,Strength,23.5,3.6,3,2,34.06,139,618.8811188811189,2.5174825174825175,Obese
43,Male,127.7,1.69,171,155,53,1.14,875.0,Cardio,24.1,2.9,3,2,44.71,118,767.5438596491229,2.5438596491228074,Obese
52,Male,70.9,1.72,194,143,66,1.31,927.0,Strength,20.2,2.6,3,2,23.97,128,707.6335877862596,1.984732824427481,Normal
42,Female,49.2,1.5,173,131,63,1.15,678.0,HIIT,27.7,1.5,3,2,21.87,110,589.5652173913044,1.3043478260869565,Normal
41,Female,62.3,1.79,181,162,73,1.99,1451.0,Yoga,19.0,2.7,5,3,19.44,108,729.1457286432161,1.35678391959799,Normal
30,Male,64.1,1.87,182,142,67,0.64,500.0,Yoga,26.2,2.1,2,1,18.33,115,781.25,3.28125,Underweight
24,Female,69.7,1.75,166,146,60,1.41,1029.0,Cardio,32.5,2.0,3,1,22.76,106,729.7872340425532,1.4184397163120568,Normal
53,Female,56.9,1.59,199,164,65,1.49,1100.0,HIIT,29.5,2.0,3,2,22.51,134,738.255033557047,1.342281879194631,Normal
37,Female,53.0,1.71,184,156,50,1.13,881.0,Yoga,28.1,1.7,4,2,18.13,134,779.6460176991151,1.504424778761062,Underweight
18,Female,72.7,1.55,172,125,56,0.84,525.0,Cardio,29.8,2.0,3,1,30.26,116,625.0,2.380952380952381,Obese
25,Male,76.5,1.96,180,120,59,0.67,442.0,Strength,23.2,2.3,3,1,19.91,121,659.7014925373134,3.432835820895522,Normal
33,Male,113.6,1.99,169,125,58,1.38,949.0,Strength,28.4,3.4,2,1,28.69,111,687.6811594202899,2.4637681159420293,Overweight
31,Female,62.5,1.62,168,169,74,1.56,1318.0,HIIT,16.5,2.7,4,3,23.81,94,844.8717948717948,1.7307692307692308,Normal
29,Male,95.2,1.86,174,141,52,0.64,496.0,Yoga,26.6,2.5,2,1,27.52,122,775.0,3.90625,Overweight
40,Male,51.7,1.82,161,160,71,0.9,792.0,Strength,21.4,3.0,3,1,15.61,90,880.0,3.333333333333333,Underweight
32,Male,105.3,1.67,184,143,72,0.57,448.0,Cardio,26.9,2.9,3,1,37.76,112,785.9649122807018,5.087719298245615,Obese
45,Female,71.2,1.68,172,144,63,1.37,888.0,Strength,34.1,1.6,3,1,25.23,109,648.1751824817518,1.167883211678832,Overweight
51,Female,78.1,1.51,193,134,74,0.92,555.0,Strength,31.1,2.6,3,1,34.25,119,603.2608695652174,2.8260869565217392,Obese
19,Female,50.6,1.68,193,145,64,1.21,877.0,Yoga,30.6,2.1,3,2,17.93,129,724.7933884297521,1.7355371900826448,Underweight
49,Male,70.2,1.89,194,127,51,0.7,440.0,Yoga,29.6,2.6,3,1,19.65,143,628.5714285714286,3.714285714285715,Normal
40,Female,62.6,1.53,197,143,73,1.93,1380.0,Cardio,18.1,2.7,5,3,26.74,124,715.0259067357513,1.3989637305699483,Overweight
39,Female,60.6,1.65,162,167,63,0.92,768.0,HIIT,27.6,1.7,3,1,22.26,99,834.7826086956521,1.8478260869565215,Normal
42,Male,76.4,1.97,165,157,65,1.14,886.0,HIIT,22.9,2.6,3,2,19.69,100,777.1929824561404,2.2807017543859653,Normal
39,Female,63.3,1.71,178,125,56,1.88,1175.0,Strength,18.5,2.7,4,3,21.65,122,625.0,1.4361702127659577,Normal
39,Female,68.6,1.64,162,154,53,1.33,1024.0,Cardio,32.4,1.5,3,2,25.51,109,769.9248120300751,1.1278195488721805,Overweight
59,Male,123.3,1.88,177,161,67,1.3,1036.0,HIIT,23.0,2.6,4,2,34.89,110,796.9230769230769,2.0,Obese
23,Male,107.0,1.94,198,120,73,1.35,891.0,HIIT,23.5,2.9,2,1,28.43,125,660.0,2.148148148148148,Overweight
32,Male,68.3,1.92,168,165,54,1.42,1289.0,Strength,29.9,3.5,2,1,18.53,114,907.7464788732394,2.4647887323943665,Normal
54,Female,47.8,1.6,171,155,55,1.19,830.0,Cardio,26.0,2.3,4,2,18.67,116,697.4789915966387,1.9327731092436975,Normal
50,Female,58.4,1.79,164,131,56,1.6,943.0,HIIT,17.0,2.7,4,3,18.23,108,589.375,1.6875,Underweight
25,Female,74.3,1.71,162,157,64,1.43,1123.0,Yoga,25.6,1.6,3,2,25.41,98,785.3146853146853,1.118881118881119,Overweight
22,Male,106.8,1.82,170,130,50,1.0,715.0,Yoga,28.2,2.3,4,2,32.24,120,715.0,2.3,Obese
56,Male,125.5,1.8,189,131,73,1.26,817.0,Strength,20.9,2.7,4,2,38.73,116,648.4126984126984,2.142857142857143,Obese
21,Female,55.2,1.55,163,161,53,1.37,1103.0,Strength,31.7,1.7,4,2,22.98,110,805.1094890510948,1.240875912408759,Normal
23,Female,71.4,1.72,164,169,74,1.25,1056.0,Strength,25.6,1.5,2,1,24.13,90,844.8,1.2,Normal
49,Male,77.7,1.61,160,158,50,1.03,806.0,Strength,26.7,3.4,3,2,29.98,110,782.5242718446601,3.3009708737864076,Overweight
47,Male,88.4,1.6,186,126,60,1.86,1160.0,HIIT,14.2,3.5,5,3,34.53,126,623.6559139784946,1.8817204301075268,Obese
52,Male,104.8,1.99,187,130,67,0.93,598.0,Cardio,24.0,2.0,2,1,26.46,120,643.010752688172,2.150537634408602,Overweight
57,Male,82.2,1.69,188,155,63,1.15,882.0,Strength,25.2,3.4,4,2,28.78,125,766.9565217391305,2.956521739130435,Overweight
33,Female,68.2,1.75,177,150,71,0.85,638.0,Strength,29.0,1.7,2,1,22.27,106,750.5882352941177,2.0,Normal
30,Male,91.4,1.99,171,152,60,1.37,1145.0,HIIT,23.0,3.7,3,2,23.08,111,835.7664233576642,2.7007299270072993,Normal
59,Female,42.1,1.65,172,132,59,1.22,725.0,Strength,33.0,2.2,2,1,15.46,113,594.2622950819672,1.8032786885245904,Underweight
47,Female,68.7,1.76,161,137,66,1.37,845.0,Strength,27.7,2.4,3,2,22.18,95,616.7883211678832,1.751824817518248,Normal
36,Female,47.2,1.74,196,160,53,1.5,1200.0,Cardio,32.2,1.6,4,2,15.59,143,800.0,1.0666666666666667,Underweight
34,Male,92.0,1.76,175,143,73,0.73,574.0,Yoga,22.1,3.5,3,1,29.7,102,786.3013698630137,4.794520547945206,Overweight
36,Male,56.2,1.95,183,128,64,1.09,767.0,Strength,22.5,3.4,4,2,14.78,119,703.6697247706421,3.119266055045871,Underweight
45,Male,58.4,1.72,194,150,65,1.31,973.0,HIIT,23.4,3.1,4,2,19.74,129,742.7480916030534,2.366412213740458,Normal
43,Male,82.9,1.95,181,160,70,1.9,1505.0,Cardio,12.9,3.5,5,3,21.8,111,792.1052631578948,1.842105263157895,Normal
54,Female,66.9,1.74,195,129,62,1.24,720.0,HIIT,29.5,2.1,2,1,22.1,133,580.6451612903226,1.6935483870967742,Normal
43,Male,66.3,1.85,170,121,58,1.18,707.0,Cardio,27.5,3.2,2,1,19.37,112,599.1525423728814,2.7118644067796613,Normal
40,Male,93.6,1.93,188,157,60,1.38,1192.0,Cardio,22.1,2.0,3,1,25.13,128,863.768115942029,1.4492753623188408,Overweight
26,Female,64.1,1.5,194,134,60,1.93,1293.0,Strength,15.1,2.7,5,3,28.49,134,669.9481865284974,1.3989637305699483,Overweight
29,Male,86.7,1.62,174,122,55,1.52,1020.0,Strength,13.9,3.5,4,3,33.04,119,671.0526315789474,2.3026315789473686,Obese
18,Female,62.0,1.59,190,162,50,1.23,996.0,Strength,33.2,2.2,4,2,24.52,140,809.7560975609756,1.788617886178862,Normal
18,Female,58.1,1.61,175,150,71,1.9,1425.0,Yoga,15.3,2.7,4,3,22.41,104,750.0,1.4210526315789476,Normal
51,Female,64.9,1.6,169,125,55,1.49,838.0,Yoga,31.1,2.5,4,2,25.35,114,562.4161073825503,1.6778523489932886,Overweight
49,Female,69.3,1.62,191,122,62,1.14,626.0,HIIT,28.8,1.9,4,2,26.41,129,549.1228070175439,1.6666666666666667,Overweight
42,Female,42.7,1.74,161,130,71,1.04,608.0,Strength,32.9,1.6,3,1,14.1,90,584.6153846153846,1.5384615384615385,Underweight
57,Female,51.4,1.63,183,134,73,1.2,724.0,Yoga,33.7,2.0,4,2,19.35,110,603.3333333333334,1.6666666666666667,Normal
18,Female,67.4,1.6,182,164,71,0.6,492.0,Strength,33.5,2.4,3,1,26.33,111,820.0,4.0,Overweight
33,Female,55.6,1.61,161,147,54,1.77,1301.0,Yoga,18.9,2.7,4,3,21.45,107,735.0282485875706,1.5254237288135595,Normal
56,Male,125.3,1.86,197,129,64,1.0,639.0,Yoga,22.7,2.2,3,2,36.22,133,639.0,2.2,Obese
22,Male,102.1,1.85,190,157,67,1.48,1278.0,Cardio,28.1,2.4,4,2,29.83,123,863.5135135135135,1.6216216216216215,Overweight
39,Male,61.9,1.77,199,166,69,1.32,1205.0,Strength,25.3,2.3,3,1,19.76,130,912.8787878787879,1.7424242424242422,Normal
46,Male,108.8,1.64,185,169,63,1.4,1171.0,Strength,20.5,3.4,3,1,40.45,122,836.4285714285714,2.428571428571429,Obese
20,Female,51.1,1.58,188,169,64,0.5,422.0,Yoga,29.6,1.6,2,1,20.47,124,844.0,3.2,Normal
29,Male,81.7,1.99,162,126,54,1.45,1005.0,Strength,29.4,3.2,2,1,20.63,108,693.1034482758621,2.206896551724138,Normal
43,Female,42.7,1.66,173,134,53,0.73,440.0,Yoga,33.9,1.9,2,1,15.5,120,602.7397260273973,2.602739726027397,Underweight
33,Male,81.8,1.99,184,137,51,1.59,1198.0,Strength,10.5,3.5,4,3,20.66,133,753.4591194968554,2.20125786163522,Normal
54,Male,54.6,1.76,160,137,56,1.28,868.0,Cardio,27.4,3.3,4,2,17.63,104,678.125,2.578125,Underweight
39,Male,107.7,1.88,162,160,59,0.72,634.0,Strength,28.1,3.6,2,1,30.47,103,880.5555555555555,5.0,Obese
46,Female,56.9,1.6,185,143,65,0.88,566.0,Cardio,27.7,1.6,3,1,22.23,120,643.1818181818181,1.8181818181818183,Normal
31,Male,78.8,1.71,177,121,59,1.49,992.0,HIIT,24.7,2.5,4,2,26.95,118,665.771812080537,1.6778523489932886,Overweight
45,Female,48.2,1.64,168,159,67,1.25,894.0,Strength,32.1,2.5,4,2,17.92,101,715.2,2.0,Underweight
22,Female,50.7,1.59,197,139,66,1.27,883.0,Strength,29.4,1.8,3,2,20.05,131,695.275590551181,1.4173228346456692,Normal
47,Male,86.6,1.99,182,153,70,1.98,1500.0,Strength,10.6,3.5,4,3,21.87,112,757.5757575757576,1.7676767676767677,Normal
22,Male,96.3,1.63,180,162,62,1.35,1203.0,Cardio,27.1,2.4,4,2,36.25,118,891.1111111111111,1.7777777777777777,Obese
29,Male,80.8,1.98,160,145,50,1.65,1316.0,Strength,14.6,3.5,5,3,20.61,110,797.5757575757576,2.121212121212121,Normal
33,Female,58.0,1.53,180,126,50,1.84,1159.0,Strength,18.3,2.7,5,3,24.78,130,629.891304347826,1.4673913043478262,Normal
43,Male,95.9,1.85,186,157,64,1.28,995.0,Yoga,27.7,3.4,2,1,28.02,122,777.34375,2.65625,Overweight
43,Female,61.5,1.58,165,149,50,1.86,1247.0,HIIT,16.8,2.7,5,3,24.64,115,670.4301075268817,1.4516129032258065,Normal
38,Female,40.6,1.79,195,161,55,0.62,499.0,Cardio,26.8,2.7,2,1,12.67,140,804.8387096774194,4.35483870967742,Underweight
56,Male,82.5,1.87,187,124,74,1.51,927.0,Yoga,13.2,3.5,5,3,23.59,113,613.9072847682119,2.3178807947019866,Normal
53,Male,105.1,1.84,176,130,62,0.69,444.0,Cardio,23.3,2.9,3,1,31.04,114,643.4782608695652,4.202898550724638,Obese
50,Female,58.1,1.58,199,120,50,1.93,1042.0,Yoga,19.3,2.7,5,3,23.27,149,539.8963730569949,1.3989637305699483,Normal
47,Female,61.0,1.76,162,153,54,1.54,1060.0,HIIT,15.6,2.7,5,3,19.69,108,688.3116883116883,1.7532467532467533,Normal
54,Female,64.5,1.53,171,120,58,1.74,940.0,Yoga,17.2,2.7,4,3,27.55,113,540.2298850574713,1.5517241379310347,Overweight
40,Male,58.2,1.98,198,138,74,1.43,1085.0,Cardio,24.0,2.5,3,2,14.85,124,758.7412587412588,1.7482517482517483,Underweight
27,Female,69.5,1.76,171,121,66,0.94,569.0,Strength,34.4,2.0,3,1,22.44,105,605.3191489361702,2.127659574468085,Normal
22,Male,62.2,1.84,161,140,65,0.51,393.0,Strength,21.5,2.3,3,1,18.37,96,770.5882352941177,4.509803921568627,Underweight
53,Female,68.0,1.7,181,139,57,1.06,663.0,HIIT,25.1,2.4,4,2,23.53,124,625.4716981132075,2.2641509433962264,Normal
51,Female,56.3,1.5,182,142,66,1.43,914.0,Cardio,27.4,2.4,3,1,25.02,116,639.1608391608391,1.6783216783216783,Overweight
48,Male,94.5,1.7,189,140,64,1.01,700.0,Cardio,28.2,3.5,3,2,32.7,125,693.0693069306931,3.4653465346534653,Obese
27,Female,58.0,1.79,164,143,73,1.39,994.0,Cardio,27.1,1.5,2,1,18.1,91,715.1079136690648,1.0791366906474822,Underweight
36,Male,84.0,1.94,168,123,50,1.8,1218.0,HIIT,11.2,3.5,5,3,22.32,118,676.6666666666666,1.9444444444444444,Normal
49,Male,61.0,1.87,180,131,61,1.14,739.0,Strength,21.3,3.0,4,2,17.44,119,648.2456140350878,2.6315789473684212,Underweight
18,Female,64.8,1.53,170,141,54,1.98,1396.0,Yoga,18.6,2.7,5,3,27.68,116,705.0505050505051,1.3636363636363638,Overweight
22,Male,45.7,1.77,164,139,73,1.04,795.0,HIIT,20.7,2.4,3,1,14.59,91,764.4230769230769,2.3076923076923075,Underweight
21,Male,80.9,1.9,194,137,55,1.8,1356.0,Yoga,11.7,3.5,4,3,22.41,139,753.3333333333334,1.9444444444444444,Normal
33,Female,64.1,1.63,186,120,74,1.58,948.0,Strength,16.4,2.7,5,3,24.13,112,600.0,1.7088607594936709,Normal
41,Male,67.0,1.77,161,149,50,1.22,900.0,HIIT,25.6,2.6,3,2,21.39,111,737.7049180327868,2.1311475409836067,Normal
33,Male,106.5,1.6,183,152,74,1.4,1170.0,Strength,27.3,3.3,4,2,41.6,109,835.7142857142858,2.357142857142857,Obese
19,Male,95.1,1.85,190,143,50,1.21,952.0,Yoga,25.3,2.3,4,2,27.79,140,786.7768595041323,1.9008264462809916,Overweight
45,Female,65.5,1.57,192,133,59,0.66,395.0,Cardio,34.3,2.3,2,1,26.57,133,598.4848484848485,3.4848484848484844,Overweight
49,Male,105.7,1.64,198,155,59,1.2,921.0,Cardio,29.5,3.1,3,2,39.3,139,767.5,2.5833333333333335,Obese
44,Female,48.0,1.76,189,124,52,0.88,491.0,Yoga,28.6,2.6,2,1,15.5,137,557.9545454545455,2.9545454545454546,Underweight
37,Female,69.5,1.5,196,130,66,0.69,448.0,Cardio,32.8,2.4,2,1,30.89,130,649.2753623188406,3.4782608695652177,Obese
41,Male,66.1,1.69,187,143,68,0.77,545.0,Yoga,27.4,3.4,2,1,23.14,119,707.7922077922078,4.415584415584416,Normal
29,Male,68.0,1.7,190,150,60,0.76,627.0,HIIT,28.9,2.9,2,1,23.53,130,825.0,3.81578947368421,Normal
52,Male,50.3,1.78,170,132,67,0.85,555.0,HIIT,24.5,2.3,2,1,15.88,103,652.9411764705883,2.705882352941176,Underweight
50,Female,69.3,1.68,182,135,51,1.2,729.0,HIIT,30.3,2.0,2,1,24.55,131,607.5,1.6666666666666667,Normal
50,Male,86.7,1.63,161,143,58,1.7,1203.0,Cardio,12.1,3.5,4,3,32.63,103,707.6470588235294,2.058823529411765,Obese
54,Male,125.9,1.94,199,132,73,1.35,882.0,Strength,28.5,2.9,3,2,33.45,126,653.3333333333333,2.148148148148148,Obese
29,Male,88.1,1.93,186,143,66,1.88,1479.0,Cardio,11.1,3.5,5,3,23.65,120,786.7021276595746,1.8617021276595747,Normal
20,Male,124.3,1.82,194,145,63,1.25,997.0,Cardio,22.4,3.2,3,2,37.53,131,797.6,2.56,Obese
18,Male,62.0,1.85,161,121,53,0.88,586.0,Strength,23.7,3.0,3,1,18.12,108,665.9090909090909,3.409090909090909,Underweight
50,Female,69.7,1.72,198,135,66,1.24,753.0,Strength,27.3,2.0,4,2,23.56,132,607.258064516129,1.6129032258064517,Normal
57,Female,60.9,1.52,196,157,66,1.31,926.0,Strength,30.6,1.8,3,2,26.36,130,706.8702290076336,1.3740458015267176,Overweight
27,Male,76.5,1.97,180,165,61,1.13,1025.0,Strength,21.3,2.3,2,1,19.71,119,907.0796460176992,2.0353982300884956,Normal
46,Male,94.7,1.82,164,120,69,1.47,873.0,Cardio,23.2,3.2,3,2,28.59,95,593.8775510204082,2.17687074829932,Overweight
30,Male,67.9,1.75,180,168,67,1.25,1155.0,Yoga,29.1,3.1,2,1,22.17,113,924.0,2.48,Normal
29,Male,121.1,1.87,188,130,52,1.31,937.0,HIIT,24.1,3.2,4,2,34.63,136,715.267175572519,2.4427480916030535,Obese
48,Female,71.5,1.64,179,154,60,1.46,1012.0,Yoga,32.5,1.9,4,2,26.58,119,693.1506849315068,1.3013698630136985,Overweight
19,Male,98.6,1.7,197,162,74,0.83,740.0,Cardio,21.1,2.4,2,1,34.12,123,891.566265060241,2.891566265060241,Obese
52,Female,68.2,1.63,179,148,67,1.17,779.0,Strength,27.5,2.4,3,1,25.67,112,665.8119658119658,2.0512820512820515,Overweight
40,Female,57.7,1.69,184,156,53,1.18,920.0,HIIT,33.1,2.4,4,2,20.2,131,779.6610169491526,2.0338983050847457,Normal
34,Male,124.6,1.63,161,136,66,1.41,1055.0,HIIT,27.6,2.8,3,2,46.9,95,748.2269503546099,1.9858156028368794,Obese
43,Female,73.0,1.59,191,158,67,1.31,931.0,Yoga,28.9,2.2,3,1,28.88,124,710.6870229007633,1.6793893129770994,Overweight
25,Female,59.4,1.51,185,161,54,1.62,1304.0,Cardio,19.8,2.7,5,3,26.05,131,804.9382716049382,1.6666666666666667,Overweight
46,Female,52.0,1.65,165,147,63,0.7,463.0,Cardio,34.1,1.9,2,1,19.1,102,661.4285714285714,2.7142857142857144,Normal
43,Female,42.2,1.65,162,148,59,1.33,886.0,Cardio,34.6,2.3,3,2,15.5,103,666.1654135338346,1.7293233082706765,Underweight
27,Male,89.3,1.64,192,162,64,1.82,1622.0,HIIT,12.1,3.5,4,3,33.2,128,891.2087912087911,1.923076923076923,Obese
43,Male,110.0,1.76,160,122,50,1.09,658.0,Yoga,22.0,3.4,3,1,35.51,110,603.6697247706421,3.119266055045871,Obese
51,Female,66.2,1.58,164,129,65,0.86,499.0,HIIT,31.3,2.3,3,1,26.52,99,580.232558139535,2.6744186046511627,Overweight
58,Male,58.6,1.66,172,161,60,1.21,964.0,HIIT,26.8,2.9,2,1,21.27,112,796.6942148760331,2.396694214876033,Normal
24,Male,51.0,1.67,178,133,72,0.97,710.0,Strength,21.3,2.8,3,1,18.29,106,731.9587628865979,2.88659793814433,Underweight
21,Male,101.5,1.95,171,131,69,0.97,699.0,Yoga,27.9,3.1,3,1,26.69,102,720.6185567010309,3.195876288659794,Overweight
28,Male,114.2,1.87,184,166,55,1.05,959.0,Strength,20.2,3.2,3,2,32.66,129,913.3333333333333,3.0476190476190474,Obese
46,Male,54.4,1.72,194,161,73,0.91,725.0,Cardio,24.8,2.9,2,1,18.39,121,796.7032967032967,3.1868131868131866,Underweight
53,Female,52.4,1.57,171,149,71,1.34,898.0,HIIT,28.3,2.2,3,2,21.26,100,670.1492537313433,1.6417910447761195,Normal
42,Male,85.2,1.81,189,151,65,1.54,1151.0,Yoga,13.7,3.5,5,3,26.01,124,747.4025974025974,2.2727272727272725,Overweight
38,Male,83.6,1.74,164,151,51,1.66,1379.0,Cardio,11.6,3.5,5,3,27.61,113,830.722891566265,2.108433734939759,Overweight
53,Male,115.4,1.92,193,161,50,1.36,1084.0,Yoga,28.3,2.2,4,2,31.3,143,797.0588235294117,1.6176470588235294,Obese
27,Male,71.2,1.97,181,151,73,0.74,615.0,HIIT,25.9,3.6,3,1,18.35,108,831.081081081081,4.864864864864865,Underweight
54,Female,78.1,1.6,198,145,73,1.1,718.0,Yoga,32.9,2.4,4,2,30.51,125,652.7272727272726,2.1818181818181817,Obese
26,Female,54.2,1.65,172,120,58,1.07,642.0,Cardio,34.9,1.9,4,2,19.91,114,600.0,1.775700934579439,Normal
41,Female,77.6,1.76,162,161,71,1.27,920.0,Strength,31.8,2.2,4,2,25.05,91,724.4094488188977,1.7322834645669292,Overweight
52,Female,44.1,1.62,179,121,61,1.41,768.0,HIIT,34.8,1.6,3,1,16.8,118,544.6808510638298,1.1347517730496455,Underweight
52,Male,85.5,1.8,190,136,66,1.7,1144.0,Strength,10.1,3.5,5,3,26.39,124,672.9411764705883,2.058823529411765,Overweight
53,Female,47.8,1.76,164,149,74,1.06,711.0,HIIT,28.4,1.5,4,2,15.43,90,670.754716981132,1.4150943396226414,Underweight
35,Male,102.5,1.94,183,158,64,0.84,730.0,Cardio,21.1,2.4,2,1,27.23,119,869.047619047619,2.857142857142857,Overweight
56,Male,118.0,1.9,199,126,68,0.66,412.0,HIIT,22.6,3.2,2,1,32.69,131,624.2424242424242,4.848484848484849,Obese
49,Male,82.3,1.84,192,146,71,1.29,932.0,Strength,28.4,3.4,4,2,24.31,121,722.4806201550388,2.635658914728682,Normal
41,Male,81.6,1.87,167,128,59,1.87,1185.0,HIIT,10.2,3.5,5,3,23.33,108,633.6898395721925,1.8716577540106951,Normal
40,Male,60.2,1.88,183,141,61,1.22,946.0,Cardio,25.2,3.0,3,2,17.03,122,775.4098360655738,2.459016393442623,Underweight
49,Female,49.2,1.54,179,153,63,1.28,881.0,HIIT,30.7,2.1,3,2,20.75,116,688.28125,1.640625,Normal
54,Female,46.6,1.5,175,165,58,1.38,1025.0,Strength,30.6,2.0,2,1,20.71,117,742.7536231884059,1.4492753623188408,Normal
29,Female,68.7,1.72,171,168,62,1.08,907.0,Cardio,29.8,1.7,4,2,23.22,109,839.8148148148148,1.574074074074074,Normal
30,Female,60.6,1.55,172,120,52,1.3,780.0,Strength,32.9,1.6,3,2,25.22,120,600.0,1.2307692307692308,Overweight
40,Male,52.1,1.61,198,128,70,0.87,612.0,HIIT,21.3,3.3,2,1,20.1,128,703.448275862069,3.793103448275862,Normal
42,Female,46.6,1.77,184,139,63,0.61,382.0,Yoga,28.1,2.6,2,1,14.87,121,626.2295081967213,4.262295081967213,Underweight
52,Male,65.5,1.74,191,138,70,1.48,1011.0,Strength,26.2,2.8,4,2,21.63,121,683.1081081081081,1.8918918918918919,Normal
58,Female,44.2,1.57,183,155,59,1.08,753.0,HIIT,31.9,2.3,3,1,17.93,124,697.2222222222222,2.1296296296296293,Underweight
47,Male,89.1,1.84,168,159,65,1.44,1133.0,Yoga,24.0,3.6,3,2,26.32,103,786.8055555555555,2.5,Overweight
34,Male,65.9,1.62,199,164,56,0.81,731.0,Yoga,28.8,2.2,2,1,25.11,143,902.469135802469,2.7160493827160495,Overweight
37,Female,55.6,1.57,182,123,53,0.97,597.0,Cardio,29.2,2.4,2,1,22.56,129,615.4639175257732,2.4742268041237114,Normal
42,Male,63.7,1.98,172,128,69,1.37,868.0,Yoga,24.0,3.0,2,1,16.25,103,633.5766423357663,2.18978102189781,Underweight
39,Male,86.2,1.82,191,160,72,1.96,1725.0,Strength,10.2,3.5,5,3,26.02,119,880.1020408163265,1.7857142857142858,Overweight
30,Female,59.2,1.63,174,141,74,1.85,1304.0,Strength,17.8,2.7,4,3,22.28,100,704.8648648648648,1.4594594594594594,Normal
36,Male,85.4,1.88,195,137,60,1.98,1492.0,Yoga,13.5,3.5,5,3,24.16,135,753.5353535353536,1.7676767676767677,Normal
53,Female,68.1,1.55,164,131,65,1.41,831.0,HIIT,26.1,2.2,4,2,28.35,99,589.3617021276596,1.5602836879432627,Overweight
29,Female,60.0,1.62,181,161,69,0.85,684.0,Strength,28.1,1.9,2,1,22.86,112,804.7058823529412,2.235294117647059,Normal
58,Female,74.8,1.69,175,162,53,1.28,933.0,Strength,32.8,2.3,4,2,26.19,122,728.90625,1.7968749999999998,Overweight
36,Male,90.3,1.65,169,158,71,1.38,1199.0,Cardio,23.7,3.4,4,2,33.17,98,868.840579710145,2.4637681159420293,Obese
29,Male,86.1,1.65,183,128,71,1.66,1169.0,HIIT,11.2,3.5,4,3,31.63,112,704.2168674698795,2.108433734939759,Obese
26,Male,73.7,1.66,177,125,72,0.93,639.0,Yoga,26.7,2.2,2,1,26.75,105,687.0967741935483,2.3655913978494625,Overweight
24,Female,67.7,1.56,177,138,66,1.42,980.0,HIIT,27.0,2.1,3,2,27.82,111,690.1408450704225,1.4788732394366197,Overweight
45,Male,78.3,1.96,166,167,62,1.29,1066.0,Cardio,29.0,2.2,3,1,20.38,104,826.3565891472869,1.7054263565891474,Normal
31,Female,48.2,1.65,163,166,60,1.1,913.0,Cardio,26.1,2.5,2,1,17.7,103,829.9999999999999,2.2727272727272725,Underweight
48,Female,56.8,1.51,185,126,52,1.37,777.0,HIIT,32.1,2.1,4,2,24.91,133,567.1532846715328,1.532846715328467,Normal
36,Male,112.4,1.63,164,135,58,1.02,757.0,Cardio,25.0,3.4,4,2,42.3,106,742.156862745098,3.333333333333333,Obese
33,Female,59.0,1.67,175,124,55,0.9,558.0,Cardio,33.7,1.9,3,1,21.16,120,620.0,2.111111111111111,Normal
22,Male,98.4,1.88,194,135,71,0.52,386.0,Cardio,21.3,2.2,2,1,27.84,123,742.3076923076923,4.230769230769231,Overweight
52,Male,66.5,1.6,185,120,70,1.34,796.0,HIIT,26.8,2.1,4,2,25.98,115,594.0298507462686,1.5671641791044777,Overweight
29,Male,106.5,1.81,177,156,60,1.29,1107.0,Cardio,25.7,2.5,4,2,32.51,117,858.1395348837209,1.937984496124031,Obese
42,Male,88.4,1.93,188,158,65,1.68,1314.0,Yoga,12.4,3.5,4,3,23.73,123,782.1428571428572,2.0833333333333335,Normal
38,Male,88.4,1.79,182,138,68,1.74,1321.0,Yoga,12.5,3.5,5,3,27.59,114,759.1954022988506,2.0114942528735633,Overweight
53,Female,53.3,1.74,173,156,54,1.37,962.0,Strength,32.2,1.8,3,2,17.6,119,702.1897810218977,1.313868613138686,Underweight
40,Female,58.1,1.56,174,136,63,0.61,415.0,Yoga,34.4,2.2,2,1,23.87,111,680.327868852459,3.606557377049181,Normal
33,Female,74.2,1.76,192,145,66,1.15,834.0,Strength,25.9,1.5,4,2,23.95,126,725.2173913043479,1.3043478260869565,Normal
56,Male,84.6,1.63,184,141,52,1.01,705.0,HIIT,20.2,2.9,4,2,31.84,132,698.019801980198,2.871287128712871,Obese
59,Male,78.0,1.92,180,127,53,0.72,453.0,Cardio,28.1,2.7,3,1,21.16,127,629.1666666666667,3.7500000000000004,Normal
56,Male,89.0,1.68,176,152,65,1.77,1332.0,Yoga,10.5,3.5,5,3,31.53,111,752.542372881356,1.9774011299435028,Obese
31,Female,42.7,1.76,182,121,65,1.46,883.0,Strength,34.9,2.2,3,1,13.78,117,604.7945205479452,1.5068493150684934,Underweight
48,Male,83.9,1.82,176,149,70,1.9,1401.0,HIIT,13.1,3.5,5,3,25.33,106,737.3684210526316,1.842105263157895,Overweight
22,Female,78.7,1.52,173,166,74,1.45,1204.0,Strength,31.5,2.3,3,2,34.06,99,830.344827586207,1.586206896551724,Obese
52,Female,65.9,1.52,188,139,53,1.27,794.0,Cardio,27.0,2.3,4,2,28.52,135,625.1968503937007,1.811023622047244,Overweight
40,Male,76.9,1.92,179,137,68,1.13,851.0,Yoga,22.4,3.7,4,2,20.86,111,753.0973451327434,3.2743362831858414,Normal
46,Male,84.3,2.0,189,162,66,1.83,1467.0,HIIT,13.3,3.5,5,3,21.07,123,801.639344262295,1.9125683060109289,Normal
28,Female,62.4,1.6,178,129,62,1.1,710.0,Strength,34.1,1.7,3,2,24.37,116,645.4545454545454,1.5454545454545452,Normal
35,Male,63.7,1.74,198,143,71,1.03,810.0,HIIT,29.8,2.7,4,2,21.04,127,786.4077669902913,2.621359223300971,Normal
29,Female,54.9,1.52,172,123,72,1.48,910.0,Strength,27.0,2.0,3,1,23.76,100,614.8648648648649,1.3513513513513513,Normal
26,Male,76.4,1.79,177,156,73,1.17,1004.0,Strength,21.3,2.7,3,2,23.84,104,858.1196581196582,2.307692307692308,Normal
27,Male,106.4,1.86,182,123,50,1.34,907.0,Cardio,20.6,3.1,2,1,30.76,132,676.865671641791,2.3134328358208953,Obese
34,Female,68.4,1.5,192,132,61,1.37,904.0,Cardio,33.7,2.1,4,2,30.4,131,659.8540145985401,1.532846715328467,Obese
55,Male,63.5,1.86,198,144,53,1.36,969.0,Strength,22.9,2.9,4,2,18.35,145,712.5,2.1323529411764706,Underweight
24,Female,59.4,1.5,199,132,60,1.25,825.0,Yoga,25.0,2.0,3,2,26.4,139,660.0,1.6,Overweight
30,Male,113.4,1.91,177,137,54,1.27,957.0,HIIT,22.2,3.7,3,1,31.08,123,753.5433070866142,2.9133858267716537,Obese
57,Female,61.9,1.52,168,143,51,0.92,592.0,HIIT,28.4,2.6,3,1,26.79,117,643.4782608695651,2.8260869565217392,Overweight
59,Female,70.7,1.68,192,121,66,1.17,637.0,Cardio,34.9,1.9,3,2,25.05,126,544.4444444444445,1.623931623931624,Overweight
26,Male,111.5,1.9,191,167,57,1.02,937.0,Yoga,25.2,2.2,2,1,30.89,134,918.6274509803922,2.1568627450980395,Obese
44,Female,72.1,1.66,176,152,55,1.4,958.0,Strength,27.0,2.5,2,1,26.16,121,684.2857142857143,1.7857142857142858,Overweight
19,Male,56.9,1.87,178,138,70,0.61,463.0,Cardio,23.3,3.7,3,1,16.27,108,759.016393442623,6.065573770491803,Underweight
22,Male,86.2,1.9,186,128,58,1.91,1345.0,Strength,11.7,3.5,5,3,23.88,128,704.1884816753927,1.8324607329842932,Normal
46,Male,59.4,1.68,165,147,62,1.16,844.0,Strength,20.2,2.5,4,2,21.05,103,727.5862068965517,2.1551724137931036,Normal
54,Female,75.6,1.72,194,154,60,0.97,672.0,Cardio,26.4,1.9,3,1,25.55,134,692.7835051546392,1.958762886597938,Overweight
55,Female,76.3,1.73,196,158,65,1.08,768.0,Yoga,32.0,2.6,3,1,25.49,131,711.1111111111111,2.4074074074074074,Overweight
36,Male,95.8,1.86,193,129,65,1.37,972.0,HIIT,21.2,3.2,3,1,27.69,128,709.4890510948904,2.335766423357664,Overweight
25,Male,120.6,1.83,179,120,51,1.04,686.0,Cardio,22.3,2.5,3,2,36.01,128,659.6153846153846,2.4038461538461537,Obese
18,Female,65.3,1.55,184,161,59,1.42,1143.0,Yoga,28.5,2.2,3,2,27.18,125,804.9295774647887,1.5492957746478875,Overweight
39,Male,85.3,1.89,163,140,61,0.77,593.0,Strength,27.6,3.6,2,1,23.88,102,770.1298701298701,4.675324675324675,Normal
34,Male,68.0,1.68,169,128,57,0.67,472.0,Cardio,25.8,3.4,2,1,24.09,112,704.4776119402985,5.074626865671641,Normal
24,Female,52.6,1.57,169,166,60,1.29,1071.0,HIIT,31.9,2.4,2,1,21.34,109,830.2325581395348,1.8604651162790697,Normal
42,Male,63.3,1.77,183,134,59,1.32,876.0,HIIT,25.7,3.3,3,2,20.2,124,663.6363636363636,2.4999999999999996,Normal
21,Female,76.3,1.65,180,154,62,1.14,878.0,Strength,31.8,1.7,3,2,28.03,118,770.1754385964913,1.4912280701754388,Overweight
53,Male,61.0,1.63,170,124,74,0.54,331.0,Cardio,20.0,3.4,3,1,22.96,96,612.9629629629629,6.296296296296296,Normal
23,Female,67.8,1.61,186,160,66,1.34,1072.0,HIIT,34.3,1.8,2,1,26.16,120,800.0,1.3432835820895521,Overweight
48,Male,114.9,1.86,175,141,56,1.36,949.0,Cardio,21.1,3.6,3,1,33.21,119,697.7941176470588,2.6470588235294117,Obese
36,Male,88.0,1.71,185,160,73,1.87,1646.0,HIIT,12.0,3.5,5,3,30.09,112,880.2139037433154,1.8716577540106951,Obese
56,Female,67.7,1.58,189,142,52,1.45,927.0,Strength,32.7,1.9,2,1,27.12,137,639.3103448275863,1.3103448275862069,Overweight
44,Male,124.8,1.85,175,126,69,1.35,842.0,Strength,24.4,3.5,4,2,36.46,106,623.7037037037037,2.5925925925925926,Obese
27,Female,53.0,1.58,166,142,62,1.26,895.0,Cardio,34.5,1.8,4,2,21.23,104,710.3174603174604,1.4285714285714286,Normal
43,Male,61.2,1.88,175,163,68,1.03,831.0,Yoga,24.7,2.9,3,1,17.32,107,806.7961165048544,2.815533980582524,Underweight
36,Female,48.7,1.68,194,144,56,1.23,886.0,Yoga,33.7,1.6,3,1,17.25,138,720.3252032520326,1.3008130081300815,Underweight
56,Female,50.6,1.7,175,146,58,1.29,848.0,Strength,33.1,2.3,2,1,17.51,117,657.3643410852713,1.7829457364341084,Underweight
20,Female,72.6,1.73,199,160,68,1.27,1016.0,HIIT,34.8,2.5,3,2,24.26,131,800.0,1.968503937007874,Normal
30,Female,70.4,1.56,171,125,62,1.03,644.0,Yoga,34.3,2.4,4,2,28.93,109,625.2427184466019,2.3300970873786406,Overweight
45,Male,52.5,1.88,194,153,71,1.08,818.0,Strength,29.0,2.9,4,2,14.85,123,757.4074074074074,2.685185185185185,Underweight
37,Male,76.3,1.77,180,128,57,1.36,957.0,HIIT,27.3,2.1,4,2,24.35,123,703.6764705882352,1.5441176470588236,Normal
45,Female,41.2,1.58,195,168,71,1.47,1111.0,HIIT,28.7,2.6,2,1,16.5,124,755.7823129251701,1.7687074829931975,Underweight
25,Female,55.3,1.76,176,152,67,1.56,1186.0,Yoga,15.5,2.7,4,3,17.85,109,760.2564102564103,1.7307692307692308,Underweight
58,Female,49.7,1.67,191,125,72,1.38,776.0,Strength,31.9,2.3,4,2,17.82,119,562.3188405797102,1.6666666666666667,Underweight
56,Male,48.3,1.87,165,156,51,0.68,525.0,HIIT,29.8,3.3,3,1,13.81,114,772.0588235294117,4.852941176470588,Underweight
18,Male,83.2,1.96,183,150,67,1.83,1510.0,HIIT,13.6,3.5,4,3,21.66,116,825.1366120218579,1.9125683060109289,Normal
20,Male,120.5,1.73,186,153,67,1.01,850.0,Cardio,29.3,3.4,3,2,40.26,119,841.5841584158416,3.366336633663366,Obese
30,Male,121.6,2.0,179,160,60,1.24,1091.0,Cardio,28.0,3.3,4,2,30.4,119,879.8387096774194,2.661290322580645,Obese
45,Female,73.0,1.75,184,148,50,1.14,759.0,Yoga,26.6,2.0,4,2,23.84,134,665.7894736842106,1.7543859649122808,Normal
42,Female,57.5,1.67,161,133,63,1.76,1053.0,Cardio,16.2,2.7,5,3,20.62,98,598.2954545454545,1.5340909090909092,Normal
50,Female,42.7,1.53,168,155,65,1.41,983.0,Strength,28.4,2.4,4,2,18.24,103,697.1631205673759,1.702127659574468,Underweight
55,Male,129.9,1.73,187,155,60,0.69,529.0,Yoga,21.7,3.1,3,1,43.4,127,766.6666666666667,4.492753623188406,Obese
23,Male,108.6,1.92,197,134,50,0.89,656.0,Yoga,25.8,3.5,2,1,29.46,147,737.0786516853932,3.932584269662921,Overweight
49,Male,88.6,2.0,162,127,56,1.83,1150.0,Cardio,14.9,3.5,4,3,22.15,106,628.4153005464481,1.9125683060109289,Normal
38,Female,49.7,1.51,179,145,65,1.25,906.0,HIIT,32.6,2.5,3,1,21.8,114,724.8,2.0,Normal
33,Female,56.4,1.54,165,155,63,1.06,822.0,Strength,29.2,1.5,3,1,23.78,102,775.4716981132075,1.4150943396226414,Normal
38,Male,46.9,1.74,198,167,64,1.03,946.0,Strength,20.0,2.6,4,2,15.49,134,918.4466019417475,2.5242718446601944,Underweight
28,Female,71.3,1.67,192,140,63,1.46,1022.0,Strength,28.1,1.5,4,2,25.57,129,700.0,1.0273972602739727,Overweight
54,Male,71.6,1.86,160,147,70,1.14,830.0,Yoga,25.3,2.2,3,2,20.7,90,728.0701754385966,1.929824561403509,Normal
53,Male,82.3,1.61,196,123,60,1.87,1139.0,Strength,11.6,3.5,5,3,31.75,136,609.090909090909,1.8716577540106951,Obese
52,Female,70.6,1.69,165,135,65,1.36,826.0,HIIT,26.1,2.2,3,1,24.72,100,607.3529411764705,1.6176470588235294,Normal
36,Male,109.8,1.62,193,141,68,0.84,651.0,HIIT,24.4,3.5,3,1,41.84,125,775.0,4.166666666666667,Obese
37,Female,73.5,1.69,174,131,66,0.54,354.0,Cardio,27.5,1.6,2,1,25.73,108,655.5555555555555,2.962962962962963,Overweight
35,Male,85.6,1.85,185,135,55,1.78,1322.0,Strength,14.5,3.5,5,3,25.01,130,742.6966292134831,1.9662921348314606,Overweight
58,Female,74.6,1.68,173,159,60,1.03,737.0,Yoga,26.0,2.0,4,2,26.43,113,715.5339805825242,1.941747572815534,Overweight
31,Female,63.2,1.8,166,157,66,0.59,463.0,Cardio,25.5,2.6,2,1,19.51,100,784.7457627118645,4.40677966101695,Normal
32,Female,62.6,1.63,190,161,58,1.67,1344.0,HIIT,15.0,2.7,5,3,23.56,132,804.7904191616767,1.6167664670658684,Normal
48,Male,87.1,1.76,183,156,67,1.81,1398.0,Strength,11.6,3.5,5,3,28.12,116,772.3756906077348,1.9337016574585635,Overweight
18,Male,82.3,1.84,190,148,66,1.73,1408.0,HIIT,13.3,3.5,5,3,24.31,124,813.8728323699422,2.023121387283237,Normal
20,Female,64.3,1.78,188,137,61,1.71,1171.0,Cardio,18.7,2.7,4,3,20.29,127,684.7953216374269,1.5789473684210529,Normal
33,Female,53.7,1.66,191,129,72,1.25,806.0,HIIT,29.5,2.5,3,1,19.49,119,644.8,2.0,Normal
40,Male,63.0,2.0,176,161,71,1.42,1257.0,Strength,26.8,2.9,4,2,15.75,105,885.2112676056338,2.0422535211267605,Underweight
28,Male,128.4,1.86,173,158,71,1.06,921.0,Strength,23.6,3.3,4,2,37.11,102,868.8679245283018,3.113207547169811,Obese
29,Male,88.0,1.89,199,137,54,1.75,1319.0,Cardio,13.3,3.5,5,3,24.64,145,753.7142857142857,2.0,Normal
27,Female,63.7,1.52,195,120,60,1.19,714.0,Strength,25.4,2.1,4,2,27.57,135,600.0,1.7647058823529413,Overweight
49,Male,83.7,1.87,183,158,53,1.29,1009.0,HIIT,23.9,2.3,4,2,23.94,130,782.1705426356589,1.7829457364341084,Normal
33,Male,102.6,1.75,186,140,53,1.4,1078.0,HIIT,27.9,2.2,3,2,33.5,133,770.0,1.5714285714285716,Obese
25,Female,77.7,1.55,184,120,52,0.55,330.0,Yoga,33.0,1.7,2,1,32.34,132,600.0,3.0909090909090904,Obese
55,Male,87.5,1.88,191,134,73,1.19,789.0,Yoga,27.2,2.6,4,2,24.76,118,663.0252100840337,2.184873949579832,Normal
29,Male,87.0,1.86,177,123,72,1.52,1028.0,Yoga,11.0,3.5,4,3,25.15,105,676.3157894736842,2.3026315789473686,Overweight
41,Male,82.8,1.66,177,139,74,1.97,1355.0,HIIT,11.2,3.5,5,3,30.05,103,687.8172588832488,1.7766497461928934,Obese
45,Female,65.4,1.68,196,129,66,0.76,441.0,HIIT,35.0,2.6,3,1,23.17,130,580.2631578947369,3.4210526315789473,Normal
25,Female,47.2,1.71,185,142,56,0.89,632.0,Cardio,26.0,2.5,2,1,16.14,129,710.1123595505618,2.8089887640449436,Underweight
45,Female,58.2,1.7,168,160,53,0.95,684.0,Yoga,26.8,2.0,3,1,20.14,115,720.0,2.1052631578947367,Normal
53,Female,73.5,1.55,194,153,72,1.17,806.0,HIIT,26.3,2.1,4,2,30.59,122,688.8888888888889,1.7948717948717952,Obese
43,Female,55.2,1.73,167,165,62,1.67,1240.0,Cardio,16.6,2.7,5,3,18.44,105,742.5149700598803,1.6167664670658684,Underweight
25,Female,64.4,1.71,179,167,61,1.12,935.0,HIIT,27.1,1.8,3,1,22.02,118,834.8214285714284,1.607142857142857,Normal
45,Female,73.5,1.74,181,152,50,1.18,807.0,Cardio,30.0,2.3,4,2,24.28,131,683.8983050847457,1.9491525423728813,Normal
45,Male,89.6,1.81,178,153,70,1.7,1287.0,Yoga,12.4,3.5,5,3,27.35,108,757.0588235294118,2.058823529411765,Overweight
54,Male,86.5,1.76,189,158,68,1.48,1158.0,Yoga,29.0,3.4,3,2,27.92,121,782.4324324324324,2.2972972972972974,Overweight
58,Female,46.1,1.67,187,129,70,1.28,743.0,Yoga,25.3,1.8,4,2,16.53,117,580.46875,1.40625,Underweight
53,Male,68.5,1.97,194,139,69,1.3,894.0,HIIT,23.2,2.1,3,2,17.65,125,687.6923076923076,1.6153846153846154,Underweight
44,Male,94.6,1.84,170,120,67,1.26,748.0,HIIT,26.0,3.1,4,2,27.94,103,593.6507936507936,2.4603174603174605,Overweight
34,Female,54.2,1.52,190,132,60,1.13,746.0,Cardio,31.0,2.2,3,1,23.46,130,660.1769911504425,1.946902654867257,Normal
26,Male,47.7,1.77,198,120,69,1.15,759.0,Strength,24.8,2.7,3,2,15.23,129,660.0,2.347826086956522,Underweight
50,Male,52.2,1.84,195,124,52,1.38,847.0,Strength,28.2,3.1,4,2,15.42,143,613.768115942029,2.246376811594203,Underweight
37,Male,88.8,1.95,189,135,66,1.58,1173.0,Yoga,10.3,3.5,5,3,23.35,123,742.4050632911392,2.2151898734177213,Normal
30,Male,101.0,1.68,182,134,61,1.46,1076.0,Strength,28.2,2.9,4,2,35.79,121,736.986301369863,1.9863013698630136,Obese
45,Male,118.4,1.95,178,168,59,1.06,881.0,Yoga,24.9,2.4,3,2,31.14,119,831.132075471698,2.2641509433962264,Obese
46,Female,47.9,1.72,171,147,57,1.41,933.0,Cardio,26.3,2.0,3,1,16.19,114,661.7021276595746,1.4184397163120568,Underweight
30,Female,51.5,1.74,174,150,64,1.08,810.0,Strength,33.9,2.0,3,2,17.01,110,750.0,1.8518518518518516,Underweight
52,Female,79.9,1.51,190,142,54,0.75,479.0,Strength,31.5,2.6,3,1,35.04,136,638.6666666666666,3.466666666666667,Obese
23,Male,121.3,1.85,196,167,53,0.72,661.0,Yoga,21.6,3.6,2,1,35.44,143,918.0555555555555,5.0,Obese
35,Female,78.9,1.64,196,164,70,1.28,1050.0,Cardio,25.3,2.6,4,2,29.34,126,820.3125,2.03125,Overweight
22,Male,88.5,1.62,174,162,69,1.88,1675.0,Strength,10.7,3.5,5,3,33.72,105,890.9574468085107,1.8617021276595747,Obese
42,Male,73.5,1.63,188,136,68,0.52,350.0,Strength,26.1,3.2,3,1,27.66,120,673.0769230769231,6.153846153846154,Overweight
19,Male,127.9,1.93,185,168,70,1.27,1173.0,Strength,21.8,3.0,4,2,34.34,115,923.6220472440945,2.3622047244094486,Obese
27,Male,88.5,1.98,161,153,53,1.8,1515.0,Cardio,11.1,3.5,4,3,22.57,108,841.6666666666666,1.9444444444444444,Normal
47,Female,43.4,1.62,179,132,64,0.51,303.0,Cardio,25.3,2.3,3,1,16.54,115,594.1176470588235,4.509803921568627,Underweight
22,Female,42.8,1.56,174,133,66,1.47,978.0,Strength,32.2,2.6,3,2,17.59,108,665.3061224489796,1.7687074829931975,Underweight
50,Male,64.5,1.79,163,130,61,1.17,753.0,Yoga,28.1,2.4,4,2,20.13,102,643.5897435897436,2.0512820512820515,Normal
18,Female,50.7,1.53,181,147,52,1.29,948.0,Yoga,33.0,2.1,3,2,21.66,129,734.8837209302326,1.627906976744186,Normal
35,Male,59.2,1.66,197,161,59,1.3,1151.0,Strength,21.3,3.2,3,1,21.48,138,885.3846153846154,2.4615384615384617,Normal
49,Female,78.9,1.73,182,151,64,1.38,938.0,Cardio,34.0,2.3,2,1,26.36,118,679.7101449275362,1.6666666666666667,Overweight
28,Female,78.7,1.63,185,154,59,1.1,847.0,Strength,31.7,1.8,3,2,29.62,126,769.9999999999999,1.6363636363636362,Overweight
38,Male,68.7,1.92,170,150,73,1.31,1081.0,Cardio,29.0,3.0,4,2,18.64,97,825.1908396946565,2.2900763358778624,Normal
43,Female,53.1,1.59,187,136,72,0.82,502.0,Strength,29.5,2.5,2,1,21.0,115,612.1951219512196,3.048780487804878,Normal
42,Male,64.8,1.65,161,166,67,1.1,904.0,Cardio,24.4,2.8,3,2,23.8,94,821.8181818181818,2.545454545454545,Normal
39,Female,50.3,1.61,167,128,50,1.17,749.0,HIIT,32.8,2.5,2,1,19.41,117,640.1709401709402,2.1367521367521367,Normal
44,Male,102.3,1.63,188,129,52,1.34,856.0,Yoga,20.9,2.6,4,2,38.5,136,638.8059701492537,1.9402985074626866,Obese
30,Male,62.9,1.92,170,127,70,1.13,789.0,HIIT,25.2,3.6,2,1,17.06,100,698.2300884955753,3.1858407079646023,Underweight
50,Female,56.5,1.6,196,140,61,1.88,1184.0,Yoga,19.2,2.7,5,3,22.07,135,629.7872340425532,1.4361702127659577,Normal
51,Female,74.6,1.55,177,132,50,0.71,422.0,Cardio,33.3,2.1,2,1,31.05,127,594.3661971830986,2.9577464788732395,Obese
58,Male,52.0,1.79,173,169,52,1.12,937.0,HIIT,29.6,3.0,3,1,16.23,121,836.6071428571428,2.6785714285714284,Underweight
52,Female,52.1,1.67,169,124,52,1.5,837.0,Yoga,32.0,1.5,2,1,18.68,117,558.0,1.0,Normal
18,Female,72.2,1.54,194,125,54,0.97,606.0,Strength,27.1,1.7,2,1,30.44,140,624.7422680412371,1.7525773195876289,Obese
38,Male,85.8,1.8,168,149,68,1.72,1410.0,Cardio,10.1,3.5,4,3,26.48,100,819.7674418604652,2.0348837209302326,Overweight
23,Male,81.4,1.85,194,150,74,1.6,1320.0,Cardio,12.4,3.5,4,3,23.78,120,825.0,2.1875,Normal
45,Female,50.9,1.65,170,136,50,1.45,887.0,Strength,30.1,2.3,2,1,18.7,120,611.7241379310345,1.586206896551724,Normal
34,Male,52.0,1.78,171,130,53,1.38,987.0,Strength,22.4,2.7,4,2,16.41,118,715.2173913043479,1.956521739130435,Underweight
22,Male,71.0,1.93,162,139,53,1.42,1086.0,Yoga,21.2,2.9,4,2,19.06,109,764.7887323943662,2.0422535211267605,Normal
48,Male,80.6,1.77,198,167,66,1.51,1248.0,Cardio,12.9,3.5,4,3,25.73,132,826.4900662251656,2.3178807947019866,Overweight
22,Female,58.3,1.72,173,128,63,1.0,640.0,Yoga,32.6,1.6,3,2,19.71,110,640.0,1.6,Normal
55,Female,63.0,1.7,187,121,67,1.32,719.0,Strength,34.9,2.5,3,1,21.8,120,544.6969696969696,1.8939393939393938,Normal
20,Male,111.0,1.94,170,156,50,1.02,875.0,Cardio,27.6,3.3,4,2,29.49,120,857.843137254902,3.2352941176470584,Overweight
40,Female,52.6,1.66,198,120,71,1.27,762.0,Strength,32.9,1.7,3,2,19.09,127,600.0,1.3385826771653542,Normal
54,Male,116.4,2.0,184,123,65,1.13,688.0,Yoga,26.2,3.1,3,1,29.1,119,608.849557522124,2.7433628318584073,Overweight
54,Female,75.6,1.61,180,155,52,1.41,983.0,Yoga,34.9,2.5,4,2,29.17,128,697.1631205673759,1.773049645390071,Overweight
27,Male,61.6,1.8,169,144,72,1.48,1172.0,Yoga,26.4,3.1,2,1,19.01,97,791.8918918918919,2.0945945945945947,Normal
27,Male,108.0,1.8,174,122,70,1.38,926.0,Cardio,28.6,2.5,4,2,33.33,104,671.0144927536232,1.8115942028985508,Obese
36,Female,59.3,1.75,178,128,58,0.99,634.0,Strength,34.5,2.3,3,1,19.36,120,640.4040404040404,2.323232323232323,Normal
34,Male,75.7,1.94,181,141,72,1.18,915.0,Strength,29.3,2.4,4,2,20.11,109,775.4237288135594,2.0338983050847457,Normal
38,Female,56.3,1.6,180,142,53,1.21,859.0,Yoga,28.8,1.9,4,2,21.99,127,709.9173553719008,1.5702479338842974,Normal
31,Female,58.2,1.73,191,131,70,1.17,766.0,Yoga,25.8,1.8,3,2,19.45,121,654.7008547008547,1.5384615384615385,Normal
26,Male,55.7,1.68,182,129,54,1.13,802.0,Yoga,21.7,2.9,3,1,19.73,128,709.7345132743363,2.566371681415929,Normal
18,Male,125.9,1.67,172,153,60,1.46,1229.0,Yoga,20.6,2.2,3,2,45.14,112,841.7808219178082,1.5068493150684934,Obese
30,Female,62.7,1.67,164,162,70,1.02,826.0,HIIT,26.1,2.6,4,2,22.48,94,809.8039215686274,2.549019607843137,Normal
21,Male,86.6,1.86,163,129,58,1.37,972.0,HIIT,21.8,2.6,3,2,25.03,105,709.4890510948904,1.897810218978102,Overweight
18,Male,64.5,1.82,187,149,52,1.2,983.0,HIIT,23.4,2.4,3,2,19.47,135,819.1666666666667,2.0,Normal
57,Male,76.6,1.86,173,141,55,1.14,796.0,Yoga,25.4,2.8,4,2,22.14,118,698.2456140350878,2.456140350877193,Normal
49,Male,81.4,1.83,167,125,73,1.98,1225.0,Yoga,13.6,3.5,5,3,24.31,94,618.6868686868687,1.7676767676767677,Normal
51,Male,60.7,1.71,168,169,60,1.14,954.0,Strength,22.1,2.5,2,1,20.76,108,836.8421052631579,2.192982456140351,Normal
45,Female,57.2,1.55,194,121,58,1.67,909.0,Cardio,18.4,2.7,5,3,23.81,136,544.311377245509,1.6167664670658684,Normal
48,Female,73.0,1.59,196,149,64,1.19,798.0,Strength,32.0,2.1,3,2,28.88,132,670.5882352941177,1.7647058823529413,Overweight
25,Male,123.8,1.99,180,121,72,1.13,752.0,HIIT,25.6,2.6,3,1,31.26,108,665.4867256637169,2.300884955752213,Obese
56,Male,93.6,1.66,177,151,52,1.37,1024.0,Strength,29.0,2.2,2,1,33.97,125,747.4452554744526,1.6058394160583942,Obese
43,Male,76.8,1.92,192,161,50,1.24,988.0,Yoga,21.1,2.5,3,1,20.83,142,796.7741935483871,2.0161290322580645,Normal
51,Female,54.7,1.53,167,135,69,1.11,674.0,HIIT,26.8,2.0,4,2,23.37,98,607.2072072072071,1.8018018018018016,Normal
20,Male,92.3,1.94,176,131,71,1.14,821.0,HIIT,24.3,2.1,3,2,24.52,105,720.1754385964913,1.842105263157895,Normal
29,Female,71.8,1.55,190,120,68,1.2,720.0,Cardio,26.3,2.4,4,2,29.89,122,600.0,2.0,Overweight
18,Female,66.9,1.57,193,127,63,1.07,679.0,Cardio,30.7,2.2,3,2,27.14,130,634.5794392523364,2.0560747663551404,Overweight
22,Female,48.7,1.76,165,167,66,1.37,1144.0,HIIT,29.0,2.2,4,2,15.72,99,835.0364963503649,1.6058394160583942,Underweight
47,Male,66.2,1.71,181,169,71,1.42,1188.0,HIIT,22.8,2.9,3,1,22.64,110,836.6197183098592,2.0422535211267605,Normal
47,Female,40.0,1.76,173,132,63,0.8,475.0,Strength,26.7,2.2,3,1,12.91,110,593.75,2.75,Underweight
34,Male,112.4,1.85,162,134,66,1.18,870.0,HIIT,23.4,3.6,4,2,32.84,96,737.2881355932204,3.050847457627119,Obese
40,Female,70.0,1.55,171,163,74,0.85,693.0,Yoga,31.1,1.5,3,1,29.14,97,815.2941176470589,1.7647058823529411,Overweight
32,Male,84.0,1.74,195,127,63,1.45,1013.0,Strength,25.8,2.1,3,1,27.74,132,698.6206896551724,1.4482758620689655,Overweight
54,Female,43.8,1.65,171,129,61,1.29,749.0,Yoga,26.6,1.7,4,2,16.09,110,580.6201550387597,1.317829457364341,Underweight
38,Male,123.3,1.62,161,165,65,1.34,1216.0,Yoga,21.2,2.3,4,2,46.98,96,907.4626865671642,1.716417910447761,Obese
31,Female,57.9,1.56,161,124,50,1.8,1116.0,Yoga,15.1,2.7,5,3,23.79,111,620.0,1.5,Normal
19,Male,82.4,1.96,174,169,62,1.9,1766.0,HIIT,10.1,3.5,5,3,21.45,112,929.4736842105264,1.842105263157895,Normal
28,Male,84.8,1.79,182,138,55,1.35,1025.0,Cardio,28.8,2.3,4,2,26.47,127,759.2592592592592,1.7037037037037035,Overweight
56,Male,109.6,1.66,188,166,66,1.29,1060.0,Cardio,20.5,3.1,3,2,39.77,122,821.7054263565891,2.4031007751937983,Obese
55,Male,86.4,1.77,176,157,61,1.0,777.0,Yoga,27.3,2.8,3,2,27.58,115,777.0,2.8,Overweight
51,Female,63.9,1.8,191,130,72,1.07,626.0,HIIT,33.7,2.7,4,2,19.72,119,585.0467289719626,2.5233644859813085,Normal
55,Female,70.8,1.62,166,162,68,0.54,394.0,Strength,26.0,1.8,3,1,26.98,98,729.6296296296296,3.333333333333333,Overweight
51,Male,115.3,1.67,189,139,55,1.38,950.0,Yoga,24.4,2.5,3,2,41.34,134,688.4057971014494,1.8115942028985508,Obese
35,Female,55.3,1.56,187,139,56,1.71,1188.0,Strength,19.8,2.7,5,3,22.72,131,694.7368421052631,1.5789473684210529,Normal
47,Male,73.9,1.8,173,140,50,1.36,942.0,Strength,28.3,3.7,3,1,22.81,123,692.6470588235294,2.7205882352941178,Normal
32,Male,97.3,1.96,189,137,50,1.36,1025.0,HIIT,24.9,3.4,3,2,25.33,139,753.6764705882352,2.4999999999999996,Overweight
44,Female,60.4,1.65,176,169,54,1.27,966.0,HIIT,32.6,2.1,4,2,22.19,122,760.6299212598425,1.6535433070866141,Normal
51,Male,49.3,1.61,191,129,55,1.36,868.0,Cardio,28.3,2.9,2,1,19.02,136,638.235294117647,2.1323529411764706,Normal
55,Male,91.8,1.78,165,153,65,1.44,1091.0,Cardio,23.5,3.4,3,1,28.97,100,757.6388888888889,2.361111111111111,Overweight
50,Female,73.6,1.55,183,145,74,0.89,581.0,HIIT,33.9,2.1,3,1,30.63,109,652.8089887640449,2.359550561797753,Obese
41,Male,47.1,1.78,165,149,65,1.26,929.0,Yoga,24.7,2.4,3,1,14.87,100,737.3015873015873,1.9047619047619047,Underweight
32,Male,65.2,1.62,186,128,63,0.58,408.0,Cardio,25.3,3.4,2,1,24.84,123,703.4482758620691,5.862068965517242,Normal
47,Male,87.2,1.64,177,165,50,2.0,1634.0,Strength,15.0,3.5,4,3,32.42,127,817.0,1.75,Obese
59,Male,96.7,1.71,183,150,62,0.57,423.0,Yoga,28.4,2.9,3,1,33.07,121,742.1052631578948,5.087719298245615,Obese
34,Female,46.9,1.61,196,161,69,1.02,821.0,Strength,28.6,1.7,3,2,18.09,127,804.9019607843137,1.6666666666666665,Underweight
22,Female,72.1,1.62,183,123,59,1.38,849.0,HIIT,25.1,2.1,3,1,27.47,124,615.2173913043479,1.5217391304347827,Overweight
46,Female,62.5,1.54,197,125,73,1.61,906.0,Strength,18.1,2.7,4,3,26.35,124,562.7329192546583,1.6770186335403727,Overweight
21,Male,110.7,1.69,193,133,59,1.06,775.0,Yoga,27.0,2.7,3,1,38.76,134,731.132075471698,2.547169811320755,Obese
27,Male,102.6,1.83,199,123,58,1.41,954.0,HIIT,26.5,3.5,3,2,30.64,141,676.5957446808511,2.4822695035460995,Obese
34,Female,64.3,1.62,174,145,62,1.76,1276.0,Yoga,19.8,2.7,5,3,24.5,112,725.0,1.5340909090909092,Normal
27,Male,80.7,1.61,170,166,52,1.75,1598.0,Strength,14.3,3.5,4,3,31.13,118,913.1428571428571,2.0,Obese
34,Male,115.3,1.81,181,167,67,1.36,1249.0,Yoga,24.5,2.2,2,1,35.19,114,918.3823529411764,1.6176470588235294,Obese
37,Male,87.8,1.69,183,158,69,1.81,1573.0,HIIT,10.3,3.5,5,3,30.74,114,869.060773480663,1.9337016574585635,Obese
41,Male,74.3,1.61,160,136,51,1.06,714.0,Strength,24.8,3.5,4,2,28.66,109,673.5849056603773,3.30188679245283,Overweight
22,Female,78.5,1.7,177,138,66,1.36,938.0,Strength,31.9,2.1,4,2,27.16,111,689.7058823529411,1.5441176470588236,Overweight
51,Female,77.3,1.58,171,168,68,0.97,733.0,Cardio,31.1,2.0,2,1,30.96,103,755.6701030927835,2.061855670103093,Obese
23,Female,64.5,1.7,187,125,72,0.51,319.0,Cardio,30.4,1.7,2,1,22.32,115,625.4901960784314,3.333333333333333,Normal
19,Male,72.0,1.94,199,148,62,1.17,952.0,Yoga,24.7,3.2,3,2,19.13,137,813.6752136752137,2.7350427350427355,Normal
30,Female,77.9,1.77,166,130,62,1.41,916.0,Cardio,27.9,2.6,4,2,24.87,104,649.6453900709221,1.843971631205674,Normal
28,Female,69.6,1.58,182,135,50,1.49,1006.0,Cardio,27.8,2.0,3,2,27.88,132,675.1677852348994,1.342281879194631,Overweight
40,Male,68.9,1.99,180,149,51,1.16,951.0,Cardio,25.0,2.4,4,2,17.4,129,819.8275862068966,2.0689655172413794,Underweight
33,Male,45.9,1.89,193,144,50,1.45,1148.0,Cardio,21.6,2.9,3,2,12.85,143,791.7241379310345,2.0,Underweight
48,Female,68.2,1.69,170,159,73,0.75,537.0,HIIT,28.4,2.5,3,1,23.88,97,716.0,3.3333333333333335,Normal
28,Female,79.6,1.59,181,130,54,1.49,968.0,HIIT,28.2,1.5,3,2,31.49,127,649.6644295302013,1.0067114093959733,Obese
33,Female,53.6,1.52,194,126,73,1.02,643.0,Cardio,30.9,2.3,2,1,23.2,121,630.3921568627451,2.2549019607843137,Normal
25,Female,57.7,1.58,188,145,52,1.36,986.0,Yoga,25.7,2.2,3,2,23.11,136,725.0,1.6176470588235294,Normal
21,Male,74.2,1.93,187,141,56,1.32,1024.0,HIIT,28.3,2.5,3,2,19.92,131,775.7575757575758,1.8939393939393938,Normal
57,Female,64.4,1.56,177,144,73,1.52,985.0,Cardio,17.8,2.7,5,3,26.46,104,648.0263157894736,1.7763157894736843,Overweight
21,Female,54.9,1.78,173,138,71,0.55,380.0,HIIT,31.7,2.0,2,1,17.33,102,690.9090909090909,3.6363636363636362,Underweight
42,Male,50.3,1.64,177,150,62,0.63,468.0,Strength,27.0,2.4,3,1,18.7,115,742.8571428571429,3.8095238095238093,Normal
20,Female,46.5,1.68,187,145,72,0.91,660.0,HIIT,27.9,2.4,2,1,16.48,115,725.2747252747253,2.6373626373626373,Underweight
49,Male,57.8,1.99,183,161,67,0.93,741.0,HIIT,24.7,3.1,3,1,14.6,116,796.7741935483871,3.333333333333333,Underweight
20,Male,83.0,1.8,167,160,73,0.79,695.0,Yoga,29.6,2.9,2,1,25.62,94,879.746835443038,3.6708860759493667,Overweight
44,Male,82.5,1.79,167,155,70,1.51,1159.0,HIIT,13.8,3.5,5,3,25.75,97,767.5496688741722,2.3178807947019866,Overweight
46,Female,66.5,1.73,163,142,56,1.11,709.0,Yoga,34.7,2.0,3,1,22.22,107,638.7387387387387,1.8018018018018016,Normal
49,Female,70.2,1.67,186,166,50,0.93,695.0,Strength,32.5,1.8,3,1,25.17,136,747.3118279569892,1.9354838709677418,Overweight
36,Male,121.9,1.93,195,132,54,1.49,1082.0,Cardio,21.8,3.4,3,2,32.73,141,726.1744966442953,2.2818791946308723,Obese
38,Female,70.3,1.52,164,144,66,1.19,857.0,Yoga,25.6,2.0,4,2,30.43,98,720.1680672268908,1.680672268907563,Obese
22,Female,40.3,1.56,192,121,57,1.45,877.0,HIIT,30.8,2.1,4,2,16.56,135,604.8275862068966,1.4482758620689655,Underweight
35,Male,101.4,1.76,193,121,64,0.84,559.0,HIIT,23.6,2.9,2,1,32.74,129,665.4761904761905,3.4523809523809526,Obese
45,Male,79.2,1.95,189,135,69,1.47,982.0,Yoga,22.8,2.8,3,2,20.83,120,668.0272108843537,1.9047619047619047,Normal
59,Female,75.8,1.77,167,128,53,1.46,841.0,Strength,33.1,1.8,3,1,24.19,114,576.027397260274,1.2328767123287672,Normal
39,Male,71.7,1.88,198,147,51,0.55,445.0,Cardio,23.7,2.2,2,1,20.29,147,809.090909090909,4.0,Normal
38,Female,57.7,1.56,185,132,54,1.64,1082.0,HIIT,16.6,2.7,5,3,23.71,131,659.7560975609756,1.6463414634146343,Normal
23,Female,47.4,1.6,196,154,50,0.76,585.0,Strength,33.5,1.6,3,1,18.52,146,769.7368421052631,2.1052631578947367,Normal
18,Female,57.2,1.75,193,160,74,1.29,1032.0,Cardio,33.5,2.4,3,2,18.68,119,800.0,1.8604651162790697,Normal
22,Female,44.8,1.72,166,132,54,1.48,977.0,Cardio,28.6,1.8,4,2,15.14,112,660.1351351351351,1.2162162162162162,Underweight
58,Male,90.2,1.72,199,150,55,0.9,668.0,HIIT,28.3,2.1,2,1,30.49,144,742.2222222222222,2.3333333333333335,Obese
29,Male,84.9,1.72,187,140,51,1.79,1378.0,Yoga,14.3,3.5,4,3,28.7,136,769.8324022346369,1.9553072625698324,Overweight
43,Male,95.7,1.77,198,151,50,1.08,807.0,HIIT,24.2,3.4,3,1,30.55,148,747.2222222222222,3.148148148148148,Obese
51,Male,59.0,1.65,198,153,53,1.22,924.0,HIIT,20.7,2.3,3,2,21.67,145,757.3770491803278,1.8852459016393441,Normal
31,Female,60.5,1.77,187,127,56,1.72,1092.0,HIIT,15.0,2.7,4,3,19.31,131,634.8837209302326,1.5697674418604652,Normal
43,Female,53.8,1.72,173,160,71,1.03,742.0,Strength,30.2,2.3,4,2,18.19,102,720.3883495145631,2.233009708737864,Underweight
44,Male,86.6,1.97,197,167,50,1.66,1372.0,Yoga,11.7,3.5,5,3,22.31,147,826.5060240963855,2.108433734939759,Normal
26,Female,72.8,1.67,163,121,50,1.37,829.0,Strength,35.0,1.9,2,1,26.1,113,605.1094890510949,1.386861313868613,Overweight
43,Female,66.3,1.77,177,157,57,1.48,1046.0,HIIT,32.7,1.7,4,2,21.16,120,706.7567567567568,1.1486486486486487,Normal
39,Female,56.0,1.6,184,151,69,0.89,672.0,Yoga,32.6,2.0,2,1,21.87,115,755.0561797752808,2.247191011235955,Normal
47,Male,45.9,1.93,166,159,65,1.29,1015.0,Cardio,29.6,2.0,3,2,12.32,101,786.8217054263565,1.5503875968992247,Underweight
34,Male,88.0,1.64,197,147,70,1.9,1536.0,Yoga,14.4,3.5,4,3,32.72,127,808.421052631579,1.842105263157895,Obese
43,Male,94.0,1.79,187,156,62,1.31,1012.0,HIIT,23.2,3.4,2,1,29.34,125,772.5190839694657,2.595419847328244,Overweight
53,Female,44.7,1.79,164,160,72,1.34,965.0,Yoga,26.7,2.1,3,2,13.95,92,720.1492537313433,1.5671641791044777,Underweight
18,Male,63.2,1.63,162,120,73,0.66,436.0,Cardio,27.5,2.2,3,1,23.79,89,660.6060606060606,3.3333333333333335,Normal
25,Male,95.6,1.9,190,160,72,1.47,1294.0,Cardio,23.8,2.4,4,2,26.48,118,880.2721088435375,1.6326530612244898,Overweight
52,Male,47.8,1.86,179,129,67,1.01,645.0,Yoga,24.7,2.8,3,2,13.82,112,638.6138613861386,2.772277227722772,Underweight
32,Male,85.3,1.64,178,123,69,1.77,1197.0,Cardio,13.2,3.5,4,3,31.71,109,676.271186440678,1.9774011299435028,Obese
39,Male,59.7,1.83,170,154,59,1.35,1143.0,Strength,29.1,2.3,4,2,17.83,111,846.6666666666666,1.7037037037037035,Underweight
31,Male,70.2,1.98,199,129,61,0.71,504.0,Yoga,24.2,2.5,2,1,17.91,138,709.8591549295775,3.5211267605633805,Underweight
43,Female,72.7,1.8,162,166,50,0.79,590.0,Cardio,32.8,2.1,3,1,22.44,112,746.8354430379746,2.6582278481012658,Normal
45,Female,50.4,1.79,182,130,59,0.74,433.0,Cardio,27.7,2.5,2,1,15.73,123,585.1351351351351,3.3783783783783785,Underweight
40,Male,81.7,1.74,166,133,58,0.91,666.0,Yoga,27.0,2.7,2,1,26.99,108,731.8681318681319,2.967032967032967,Overweight
31,Male,49.3,1.62,182,157,52,0.56,484.0,Strength,20.0,3.2,2,1,18.79,130,864.2857142857142,5.714285714285714,Normal
41,Female,61.9,1.64,166,131,68,1.93,1138.0,Yoga,19.4,2.7,4,3,23.01,98,589.6373056994819,1.3989637305699483,Normal
19,Female,49.1,1.68,193,164,58,1.42,1164.0,Cardio,25.3,2.6,4,2,17.4,135,819.7183098591549,1.830985915492958,Underweight
43,Male,66.5,1.83,178,136,59,1.11,747.0,Yoga,27.1,2.4,3,2,19.86,119,672.9729729729729,2.162162162162162,Normal
31,Male,75.5,1.93,168,135,68,0.6,446.0,Cardio,20.5,3.4,2,1,20.27,100,743.3333333333334,5.666666666666667,Normal
24,Male,88.2,1.79,177,154,65,1.76,1491.0,HIIT,11.3,3.5,4,3,27.53,112,847.1590909090909,1.9886363636363635,Overweight
20,Male,74.8,1.75,184,121,73,1.33,885.0,Yoga,25.0,3.3,3,2,24.42,111,665.4135338345865,2.4812030075187965,Normal
40,Female,72.2,1.6,173,130,67,0.87,566.0,Yoga,29.2,1.9,3,1,28.2,106,650.5747126436781,2.1839080459770113,Overweight
35,Male,62.8,1.63,184,160,63,1.41,1241.0,Cardio,21.9,3.7,4,2,23.64,121,880.1418439716313,2.6241134751773054,Normal
55,Male,84.7,1.79,178,122,52,1.19,719.0,Cardio,23.3,2.4,3,2,26.43,126,604.2016806722689,2.0168067226890756,Overweight
52,Male,116.5,1.69,198,148,51,0.53,388.0,Cardio,27.3,2.4,2,1,40.79,147,732.0754716981131,4.528301886792453,Obese
32,Male,77.4,1.92,174,137,50,1.39,1047.0,Cardio,26.7,3.3,3,2,21.0,124,753.2374100719425,2.3741007194244603,Normal
42,Female,72.9,1.62,175,139,67,1.17,732.0,Yoga,25.7,2.0,4,2,27.78,108,625.6410256410256,1.7094017094017095,Overweight
54,Female,58.4,1.59,186,166,73,1.08,807.0,Cardio,32.5,1.9,2,1,23.1,113,747.2222222222222,1.759259259259259,Normal
45,Female,64.3,1.54,199,133,58,1.67,999.0,Yoga,15.3,2.7,4,3,27.11,141,598.2035928143713,1.6167664670658684,Overweight
27,Male,89.3,1.87,169,153,62,1.62,1363.0,Strength,12.7,3.5,5,3,25.54,107,841.358024691358,2.1604938271604937,Overweight
56,Male,90.2,1.61,163,168,51,1.38,1148.0,Yoga,22.6,2.3,3,2,34.8,112,831.8840579710146,1.6666666666666667,Obese
34,Female,59.0,1.62,178,150,56,1.13,847.0,Cardio,30.9,2.4,4,2,22.48,122,749.5575221238939,2.1238938053097347,Normal
56,Male,58.7,1.86,187,159,65,1.09,858.0,Cardio,22.6,3.3,3,2,16.97,122,787.1559633027522,3.027522935779816,Underweight
39,Male,127.5,1.82,180,161,70,1.26,1116.0,Strength,29.8,3.0,3,2,38.49,110,885.7142857142857,2.380952380952381,Obese
43,Female,68.6,1.52,173,137,68,1.42,875.0,Yoga,28.1,2.6,4,2,29.69,105,616.1971830985916,1.830985915492958,Overweight
42,Female,56.7,1.53,192,149,74,1.07,717.0,Strength,27.4,1.9,3,1,24.22,118,670.0934579439252,1.775700934579439,Normal
34,Female,64.5,1.78,169,144,64,1.33,958.0,Yoga,27.8,1.8,4,2,20.36,105,720.3007518796992,1.3533834586466165,Normal
30,Female,61.6,1.52,178,138,71,1.78,1228.0,Cardio,19.5,2.7,4,3,26.66,107,689.8876404494382,1.5168539325842698,Overweight
37,Male,75.1,1.82,189,127,60,1.23,859.0,Yoga,26.4,3.2,4,2,22.67,129,698.3739837398374,2.601626016260163,Normal
42,Male,79.3,1.93,181,147,50,1.22,888.0,Cardio,27.3,3.3,2,1,21.29,131,727.8688524590165,2.7049180327868854,Normal
21,Female,72.6,1.68,162,127,70,1.19,756.0,Cardio,34.2,1.8,3,2,25.72,92,635.2941176470589,1.512605042016807,Overweight
27,Male,76.7,1.7,196,150,56,0.96,792.0,HIIT,29.1,2.1,3,1,26.54,140,825.0,2.1875,Overweight
20,Female,44.2,1.61,177,122,69,1.08,659.0,HIIT,32.4,2.5,2,1,17.05,108,610.1851851851851,2.314814814814815,Underweight
58,Female,56.5,1.7,170,122,57,0.74,406.0,Yoga,27.0,2.7,2,1,19.55,113,548.6486486486486,3.648648648648649,Normal
35,Male,100.9,1.63,161,163,59,1.1,986.0,Cardio,28.4,3.1,2,1,37.98,102,896.3636363636363,2.818181818181818,Obese
53,Female,55.8,1.55,171,141,54,1.12,711.0,Strength,27.0,1.8,4,2,23.23,117,634.8214285714286,1.607142857142857,Normal
39,Male,58.3,1.93,165,136,58,1.35,1010.0,Cardio,27.4,3.7,4,2,15.65,107,748.1481481481482,2.7407407407407405,Underweight
51,Male,48.6,1.77,199,155,74,1.47,1128.0,Strength,26.9,3.5,2,1,15.51,125,767.3469387755102,2.380952380952381,Underweight
25,Male,81.7,1.95,188,136,74,1.94,1451.0,Yoga,13.8,3.5,4,3,21.49,114,747.9381443298969,1.8041237113402062,Normal
57,Male,85.6,1.69,189,133,50,1.76,1159.0,Yoga,12.7,3.5,5,3,29.97,139,658.5227272727273,1.9886363636363635,Overweight
36,Female,60.0,1.72,161,128,51,1.63,1043.0,Strength,18.2,2.7,5,3,20.28,110,639.877300613497,1.6564417177914113,Normal
59,Male,126.4,1.69,168,149,68,1.24,915.0,Strength,29.5,2.9,3,1,44.26,100,737.9032258064516,2.338709677419355,Obese
58,Female,75.4,1.78,161,140,63,1.05,662.0,Cardio,26.0,2.5,4,2,23.8,98,630.4761904761905,2.380952380952381,Normal
54,Female,64.2,1.69,188,131,69,1.69,996.0,Yoga,16.5,2.7,4,3,22.48,119,589.3491124260355,1.5976331360946747,Normal
23,Female,65.2,1.62,192,156,59,1.37,1069.0,Cardio,31.1,2.5,3,2,24.84,133,780.2919708029196,1.824817518248175,Normal
43,Female,70.1,1.66,169,151,58,0.99,673.0,Strength,34.6,2.6,2,1,25.44,111,679.7979797979798,2.6262626262626263,Overweight
51,Male,102.6,1.77,193,130,59,1.21,779.0,HIIT,21.0,3.4,2,1,32.75,134,643.801652892562,2.809917355371901,Obese
23,Male,107.2,1.93,167,139,55,1.15,879.0,HIIT,20.2,3.1,4,2,28.78,112,764.3478260869566,2.695652173913044,Overweight
54,Female,56.5,1.75,196,154,66,1.76,1220.0,HIIT,15.3,2.7,5,3,18.45,130,693.1818181818181,1.5340909090909092,Underweight
50,Female,61.6,1.75,192,166,74,1.22,911.0,Strength,25.5,2.2,4,2,20.11,118,746.7213114754098,1.8032786885245904,Normal
39,Male,81.7,1.75,165,165,55,1.32,1198.0,Cardio,29.1,2.8,4,2,26.68,110,907.5757575757575,2.121212121212121,Overweight
38,Female,76.6,1.58,199,130,53,0.74,481.0,Yoga,32.2,2.3,2,1,30.68,146,650.0,3.108108108108108,Obese
23,Male,116.8,1.79,178,127,69,1.0,698.0,Strength,26.8,3.4,4,2,36.45,109,698.0,3.4,Obese
23,Female,60.1,1.59,191,123,52,1.8,1107.0,HIIT,17.6,2.7,4,3,23.77,139,615.0,1.5,Normal
21,Male,93.7,1.73,186,146,72,1.0,803.0,Cardio,27.8,3.6,2,1,31.31,114,803.0,3.6,Obese
47,Female,41.6,1.58,160,163,68,1.03,756.0,Yoga,26.6,2.1,4,2,16.66,92,733.9805825242719,2.0388349514563107,Underweight
28,Female,55.1,1.79,192,159,67,1.99,1582.0,Yoga,17.0,2.7,5,3,17.2,125,794.9748743718593,1.35678391959799,Underweight
47,Male,127.1,1.76,199,157,73,0.71,552.0,Strength,24.9,3.0,2,1,41.03,126,777.4647887323944,4.225352112676057,Obese
48,Female,69.1,1.6,191,166,53,1.34,1001.0,Strength,26.1,2.0,4,2,26.99,138,747.0149253731342,1.4925373134328357,Overweight
41,Female,66.8,1.74,164,149,57,1.34,898.0,Yoga,29.2,2.3,3,1,22.06,107,670.1492537313433,1.716417910447761,Normal
26,Male,125.5,1.76,176,163,66,1.15,1031.0,Yoga,23.2,3.1,4,2,40.52,110,896.5217391304349,2.695652173913044,Obese
20,Female,71.3,1.58,167,167,54,1.07,893.0,HIIT,25.4,1.5,3,2,28.56,113,834.5794392523364,1.4018691588785046,Overweight
48,Male,129.2,1.61,193,167,62,1.06,876.0,Yoga,21.4,2.9,4,2,49.84,131,826.4150943396226,2.735849056603773,Obese
57,Male,96.3,1.86,168,146,74,1.1,795.0,Strength,27.6,2.2,3,2,27.84,94,722.7272727272726,2.0,Overweight
54,Female,67.5,1.54,182,140,50,0.72,454.0,Cardio,25.2,1.5,3,1,28.46,132,630.5555555555555,2.0833333333333335,Overweight
53,Female,64.4,1.55,194,139,62,1.77,1107.0,HIIT,19.7,2.7,4,3,26.81,132,625.4237288135594,1.5254237288135595,Overweight
41,Female,64.9,1.57,166,123,53,1.04,576.0,HIIT,25.9,2.4,4,2,26.33,113,553.8461538461538,2.3076923076923075,Overweight
48,Female,52.3,1.66,174,130,71,0.74,433.0,Yoga,33.0,1.8,3,1,18.98,103,585.1351351351351,2.4324324324324325,Normal
23,Female,56.7,1.55,179,132,73,1.38,911.0,Cardio,34.0,1.9,4,2,23.6,106,660.144927536232,1.3768115942028987,Normal
19,Female,46.8,1.63,184,128,63,1.35,864.0,HIIT,34.4,1.6,4,2,17.61,121,640.0,1.1851851851851851,Underweight
37,Female,70.3,1.77,162,123,52,1.01,621.0,Strength,33.7,1.7,2,1,22.44,110,614.8514851485148,1.683168316831683,Normal
45,Male,80.8,1.76,183,131,54,1.7,1102.0,Yoga,11.4,3.5,4,3,26.08,129,648.2352941176471,2.058823529411765,Overweight
28,Female,56.0,1.5,193,128,56,1.94,1242.0,Strength,16.7,2.7,5,3,24.89,137,640.2061855670104,1.3917525773195878,Normal
21,Male,101.2,1.84,181,132,50,1.3,944.0,Yoga,24.3,3.3,2,1,29.89,131,726.1538461538461,2.5384615384615383,Overweight
32,Female,56.6,1.57,170,167,72,1.65,1378.0,HIIT,15.7,2.7,4,3,22.96,98,835.1515151515152,1.6363636363636365,Normal
23,Female,40.9,1.75,167,145,61,0.82,594.0,Yoga,25.2,2.1,3,1,13.36,106,724.3902439024391,2.5609756097560976,Underweight
47,Male,127.8,1.65,198,157,60,0.77,598.0,Cardio,28.7,3.5,2,1,46.94,138,776.6233766233767,4.545454545454545,Obese
55,Female,49.3,1.76,194,161,73,1.28,927.0,Strength,30.5,2.0,2,1,15.92,121,724.21875,1.5625,Underweight
19,Female,64.3,1.63,197,132,57,1.87,1234.0,Cardio,18.0,2.7,5,3,24.2,140,659.8930481283422,1.4438502673796791,Normal
32,Male,49.3,1.62,167,158,74,1.18,1025.0,Strength,29.3,2.5,3,2,18.79,93,868.6440677966102,2.1186440677966103,Normal
28,Female,63.0,1.62,196,147,55,0.68,500.0,Strength,31.7,1.9,2,1,24.01,141,735.2941176470588,2.7941176470588234,Normal
25,Female,41.1,1.67,186,138,71,1.03,711.0,Yoga,31.9,2.4,3,2,14.74,115,690.2912621359224,2.3300970873786406,Underweight
43,Female,40.5,1.74,187,143,51,1.5,965.0,HIIT,32.9,2.2,3,2,13.38,136,643.3333333333334,1.4666666666666668,Underweight
22,Male,71.0,1.62,199,138,68,0.91,691.0,HIIT,21.2,3.5,2,1,27.05,131,759.3406593406593,3.846153846153846,Overweight
23,Female,60.9,1.62,193,168,69,1.59,1336.0,Cardio,16.8,2.7,5,3,23.21,124,840.251572327044,1.6981132075471699,Normal
43,Female,64.7,1.66,191,132,69,1.88,1117.0,Yoga,19.8,2.7,4,3,23.48,122,594.1489361702128,1.4361702127659577,Normal
21,Female,51.0,1.71,174,132,73,1.07,706.0,HIIT,34.2,2.2,3,2,17.44,101,659.8130841121495,2.0560747663551404,Underweight
36,Female,57.7,1.77,176,147,63,1.65,1213.0,Strength,19.4,2.7,4,3,18.42,113,735.1515151515152,1.6363636363636365,Underweight
37,Male,76.9,1.82,192,121,50,1.49,992.0,Strength,24.5,2.8,4,2,23.22,142,665.771812080537,1.8791946308724832,Normal
50,Male,80.5,1.77,175,129,59,1.85,1181.0,Yoga,14.3,3.5,4,3,25.7,116,638.3783783783783,1.8918918918918919,Overweight
37,Female,73.3,1.74,188,141,65,1.03,726.0,Cardio,25.5,2.4,3,2,24.21,123,704.8543689320388,2.3300970873786406,Normal
29,Female,49.0,1.57,168,132,53,1.33,878.0,Yoga,26.5,2.6,3,2,19.88,115,660.1503759398496,1.9548872180451127,Normal
18,Male,114.5,1.97,192,128,60,1.03,725.0,Cardio,24.1,2.6,3,1,29.5,132,703.8834951456311,2.5242718446601944,Overweight
43,Male,81.0,1.78,188,152,65,1.58,1189.0,Yoga,12.4,3.5,5,3,25.56,123,752.5316455696202,2.2151898734177213,Overweight
31,Female,53.5,1.76,172,133,69,1.22,811.0,Strength,27.6,1.8,4,2,17.27,103,664.7540983606558,1.4754098360655739,Underweight
55,Male,52.1,1.68,180,167,50,0.77,637.0,Yoga,23.6,3.0,3,1,18.46,130,827.2727272727273,3.896103896103896,Underweight
54,Female,70.1,1.52,180,139,65,0.76,475.0,HIIT,26.6,2.1,2,1,30.34,115,625.0,2.763157894736842,Obese
28,Male,86.9,1.78,164,134,68,1.29,951.0,HIIT,24.9,3.7,4,2,27.43,96,737.2093023255813,2.868217054263566,Overweight
53,Male,73.4,1.76,169,151,70,1.09,815.0,Yoga,27.9,2.8,3,2,23.7,99,747.7064220183486,2.568807339449541,Normal
30,Male,90.0,1.66,165,152,71,1.32,1104.0,Cardio,26.6,2.1,4,2,32.66,94,836.3636363636364,1.5909090909090908,Obese
20,Male,85.7,1.92,172,136,58,1.72,1287.0,Cardio,10.5,3.5,5,3,23.25,114,748.2558139534884,2.0348837209302326,Normal
50,Female,70.4,1.55,160,143,58,0.73,470.0,Strength,29.9,2.7,2,1,29.3,102,643.8356164383562,3.6986301369863015,Overweight
23,Male,57.7,1.71,179,149,58,1.15,942.0,Strength,27.0,3.4,3,2,19.73,121,819.1304347826087,2.956521739130435,Normal
27,Male,75.7,1.76,167,132,66,0.68,494.0,Cardio,25.3,2.3,3,1,24.44,101,726.470588235294,3.38235294117647,Normal
22,Female,61.8,1.52,169,166,61,1.83,1519.0,Yoga,17.0,2.7,5,3,26.75,108,830.0546448087431,1.4754098360655739,Overweight
40,Male,80.3,1.76,168,167,74,1.63,1497.0,Strength,13.1,3.5,5,3,25.92,94,918.4049079754602,2.147239263803681,Overweight
27,Male,104.3,1.68,162,135,62,1.28,950.0,Cardio,29.7,3.5,3,2,36.95,100,742.1875,2.734375,Obese
19,Female,65.7,1.58,170,121,57,1.46,883.0,Cardio,25.9,1.9,3,2,26.32,113,604.7945205479452,1.3013698630136985,Overweight
30,Male,120.3,1.96,171,136,65,0.66,494.0,Yoga,23.9,2.6,2,1,31.32,106,748.4848484848485,3.9393939393939394,Obese
57,Female,51.9,1.57,169,151,67,1.05,713.0,HIIT,29.1,2.6,3,2,21.06,102,679.047619047619,2.4761904761904763,Normal
19,Female,59.1,1.57,184,162,50,1.65,1336.0,Cardio,17.9,2.7,5,3,23.98,134,809.6969696969697,1.6363636363636365,Normal
37,Female,66.9,1.75,184,127,50,1.38,876.0,Strength,26.5,2.1,4,2,21.84,134,634.7826086956522,1.5217391304347827,Normal
18,Female,66.9,1.75,170,122,61,0.94,573.0,Yoga,26.8,1.7,2,1,21.84,109,609.5744680851064,1.8085106382978724,Normal
54,Male,78.7,1.66,195,131,55,1.42,921.0,Yoga,22.9,2.6,3,2,28.56,140,648.5915492957747,1.830985915492958,Overweight
26,Female,62.4,1.61,198,139,58,1.88,1307.0,Yoga,19.8,2.7,4,3,24.07,140,695.2127659574469,1.4361702127659577,Normal
34,Male,102.1,1.71,185,135,72,0.96,713.0,HIIT,27.3,3.2,2,1,34.92,113,742.7083333333334,3.3333333333333335,Obese
26,Male,51.9,2.0,173,133,54,0.75,549.0,HIIT,26.6,2.3,2,1,12.97,119,732.0,3.0666666666666664,Underweight
28,Male,58.3,2.0,198,135,65,1.32,980.0,Strength,28.2,3.0,4,2,14.57,133,742.4242424242424,2.2727272727272725,Underweight
32,Male,89.8,1.92,199,168,67,1.93,1783.0,Strength,10.6,3.5,4,3,24.36,132,923.8341968911917,1.8134715025906736,Normal
41,Male,101.1,1.83,160,162,66,0.79,634.0,Yoga,28.6,3.2,2,1,30.19,94,802.5316455696202,4.050632911392405,Obese
55,Male,118.6,1.72,163,168,67,0.77,640.0,Strength,25.9,2.6,3,1,40.09,96,831.1688311688312,3.376623376623377,Obese
52,Male,84.8,1.85,189,152,50,1.19,895.0,Cardio,23.4,3.2,2,1,24.78,139,752.1008403361345,2.689075630252101,Normal
47,Male,80.0,1.77,171,149,68,0.72,531.0,HIIT,28.2,3.5,3,1,25.54,103,737.5,4.861111111111112,Overweight
48,Male,73.1,1.83,194,131,71,1.05,681.0,Yoga,28.0,2.8,4,2,21.83,123,648.5714285714286,2.6666666666666665,Normal
22,Male,117.3,1.68,172,134,57,1.24,914.0,Yoga,28.5,2.7,3,2,41.56,115,737.0967741935484,2.17741935483871,Obese
31,Female,77.4,1.71,190,137,52,1.26,863.0,Cardio,26.2,1.8,4,2,26.47,138,684.9206349206349,1.4285714285714286,Overweight
28,Female,72.9,1.67,197,147,74,1.13,831.0,Cardio,34.7,2.2,3,2,26.14,123,735.3982300884957,1.946902654867257,Overweight
26,Female,71.2,1.5,182,142,54,1.15,816.0,Cardio,34.6,2.6,2,1,31.64,128,709.5652173913044,2.2608695652173916,Obese
51,Male,88.2,1.62,163,133,72,1.56,1027.0,Cardio,11.8,3.5,4,3,33.61,91,658.3333333333333,2.2435897435897436,Obese
29,Female,75.6,1.8,175,149,57,1.31,976.0,Yoga,25.7,1.9,4,2,23.33,118,745.0381679389312,1.450381679389313,Normal
52,Female,57.9,1.56,166,152,68,1.66,1135.0,HIIT,15.8,2.7,4,3,23.79,98,683.7349397590361,1.6265060240963858,Normal
52,Female,70.6,1.58,181,164,67,1.02,753.0,HIIT,34.9,2.0,3,2,28.28,114,738.2352941176471,1.9607843137254901,Overweight
18,Male,118.6,1.64,188,134,67,0.94,693.0,Cardio,25.6,2.7,3,1,44.1,121,737.2340425531916,2.8723404255319154,Obese
57,Male,55.7,1.99,170,126,70,1.13,705.0,Strength,23.6,3.0,3,2,14.07,100,623.8938053097346,2.6548672566371683,Underweight
39,Male,102.3,1.94,192,134,50,0.89,656.0,Yoga,22.9,2.4,3,1,27.18,142,737.0786516853932,2.696629213483146,Overweight
46,Male,72.6,1.87,188,161,64,1.31,1044.0,HIIT,22.6,3.4,4,2,20.76,124,796.9465648854962,2.595419847328244,Normal
25,Female,63.8,1.68,198,165,67,0.95,784.0,Cardio,31.6,1.9,2,1,22.6,131,825.2631578947369,2.0,Normal
28,Female,67.3,1.67,171,157,74,0.61,479.0,Strength,29.2,2.3,3,1,24.13,97,785.2459016393443,3.7704918032786883,Normal
58,Female,59.3,1.58,166,165,56,1.97,1463.0,Strength,19.8,2.7,4,3,23.75,110,742.6395939086294,1.3705583756345179,Normal
54,Female,70.7,1.57,198,163,65,1.14,836.0,Cardio,31.8,2.1,3,1,28.68,133,733.3333333333334,1.842105263157895,Overweight
31,Male,86.9,1.69,185,130,65,1.72,1230.0,Yoga,14.0,3.5,4,3,30.43,120,715.1162790697674,2.0348837209302326,Obese
47,Male,98.2,1.9,199,148,64,0.76,557.0,HIIT,22.9,3.0,3,1,27.2,135,732.8947368421052,3.9473684210526314,Overweight
52,Male,63.6,1.62,168,150,55,1.3,965.0,Strength,20.8,2.3,4,2,24.23,113,742.3076923076923,1.769230769230769,Normal
38,Female,45.2,1.68,193,144,58,1.01,727.0,HIIT,29.9,2.4,3,2,16.01,135,719.8019801980198,2.376237623762376,Underweight
54,Male,117.2,1.62,172,143,56,1.04,736.0,HIIT,23.1,2.3,4,2,44.66,116,707.6923076923076,2.2115384615384612,Obese
22,Male,107.4,1.74,195,138,63,1.34,1017.0,Strength,22.0,2.2,2,1,35.47,132,758.9552238805969,1.6417910447761195,Obese
36,Female,59.1,1.78,184,121,60,0.85,514.0,Cardio,34.5,2.2,2,1,18.65,124,604.7058823529412,2.588235294117647,Normal
31,Female,53.3,1.64,183,141,70,0.57,402.0,Strength,29.4,2.4,3,1,19.82,113,705.2631578947369,4.2105263157894735,Normal
43,Male,46.2,1.63,176,139,65,1.18,812.0,Strength,21.7,2.1,2,1,17.39,111,688.135593220339,1.7796610169491527,Underweight
21,Male,67.0,1.61,161,152,74,1.32,1104.0,Yoga,22.0,2.1,3,2,25.85,87,836.3636363636364,1.5909090909090908,Overweight
42,Male,86.3,1.77,172,127,55,1.77,1113.0,HIIT,11.4,3.5,4,3,27.55,117,628.8135593220339,1.9774011299435028,Overweight
59,Male,85.5,1.67,190,144,71,1.99,1418.0,Cardio,15.0,3.5,5,3,30.66,119,712.5628140703518,1.7587939698492463,Obese
42,Male,70.2,1.87,188,165,65,1.38,1127.0,HIIT,22.7,3.4,3,2,20.07,123,816.6666666666667,2.4637681159420293,Normal
35,Male,127.1,1.62,187,128,69,1.02,718.0,Strength,23.3,3.4,4,2,48.43,118,703.9215686274509,3.333333333333333,Obese
57,Female,75.6,1.67,186,153,65,1.05,723.0,Cardio,31.6,1.8,3,2,27.11,121,688.5714285714286,1.7142857142857142,Overweight
25,Female,62.6,1.65,174,142,61,1.2,852.0,Cardio,27.9,2.2,3,1,22.99,113,710.0,1.8333333333333335,Normal
56,Female,55.7,1.53,190,124,66,1.91,1066.0,Cardio,16.1,2.7,5,3,23.79,124,558.1151832460733,1.4136125654450262,Normal
57,Male,96.1,1.74,199,144,54,1.21,862.0,Cardio,21.6,2.8,3,2,31.74,145,712.3966942148761,2.3140495867768593,Obese
31,Female,76.7,1.62,174,127,74,1.39,883.0,Yoga,28.1,2.3,4,2,29.23,100,635.2517985611511,1.6546762589928057,Overweight
49,Male,57.2,1.89,192,135,62,1.14,762.0,Cardio,21.1,3.5,2,1,16.01,130,668.421052631579,3.0701754385964914,Underweight
55,Male,69.9,1.81,179,167,57,1.2,992.0,Strength,20.2,2.1,4,2,21.34,122,826.6666666666667,1.7500000000000002,Normal
50,Female,67.9,1.77,171,164,73,1.03,760.0,Yoga,33.0,2.4,3,2,21.67,98,737.8640776699029,2.3300970873786406,Normal
40,Male,87.9,1.87,196,134,54,1.96,1445.0,Strength,10.7,3.5,5,3,25.14,142,737.2448979591837,1.7857142857142858,Overweight
32,Male,102.8,1.98,168,120,61,1.24,818.0,Strength,27.8,2.8,3,2,26.22,107,659.6774193548387,2.258064516129032,Overweight
50,Female,51.8,1.5,182,141,58,1.32,838.0,HIIT,33.0,2.2,3,1,23.02,124,634.8484848484849,1.6666666666666667,Normal
42,Female,57.7,1.57,167,122,52,1.83,1005.0,Cardio,17.7,2.7,4,3,23.41,115,549.1803278688525,1.4754098360655739,Normal
34,Female,66.5,1.69,191,157,52,0.81,636.0,Cardio,28.1,2.3,3,1,23.28,139,785.1851851851851,2.839506172839506,Normal
50,Male,95.4,1.61,173,133,50,1.16,764.0,Strength,21.5,3.6,4,2,36.8,123,658.6206896551724,3.1034482758620694,Obese
19,Female,69.2,1.6,186,155,74,1.17,907.0,Cardio,32.4,1.6,3,1,27.03,112,775.2136752136753,1.3675213675213678,Overweight
31,Female,66.6,1.67,184,137,71,1.02,699.0,Yoga,31.0,1.5,4,2,23.88,113,685.2941176470588,1.4705882352941175,Normal
57,Male,83.4,1.65,172,166,67,1.57,1290.0,HIIT,13.3,3.5,4,3,30.63,105,821.656050955414,2.229299363057325,Obese
57,Female,43.8,1.75,180,160,73,1.39,1001.0,Cardio,25.1,1.7,2,1,14.3,107,720.1438848920864,1.223021582733813,Underweight
56,Female,64.2,1.69,190,137,61,1.99,1227.0,Cardio,19.6,2.7,5,3,22.48,129,616.5829145728643,1.35678391959799,Normal
23,Female,44.1,1.62,196,122,58,0.58,354.0,Yoga,25.7,2.7,2,1,16.8,138,610.344827586207,4.655172413793104,Underweight
23,Male,87.3,1.91,164,129,58,1.87,1327.0,HIIT,11.8,3.5,5,3,23.93,106,709.6256684491979,1.8716577540106951,Normal
20,Male,55.0,1.6,172,168,67,1.12,1035.0,Yoga,24.0,3.2,4,2,21.48,105,924.1071428571428,2.857142857142857,Normal
24,Male,87.1,1.74,187,158,67,1.57,1364.0,Strength,10.0,3.5,4,3,28.77,120,868.7898089171974,2.229299363057325,Overweight
25,Male,66.6,1.61,184,166,56,1.38,1260.0,Strength,25.0,3.0,2,1,25.69,128,913.0434782608696,2.173913043478261,Overweight
59,Female,60.4,1.76,194,120,53,1.72,929.0,Cardio,18.8,2.7,5,3,19.5,141,540.1162790697674,1.5697674418604652,Normal
32,Male,126.4,1.83,198,146,62,1.1,883.0,HIIT,28.2,2.1,3,2,37.74,136,802.7272727272726,1.909090909090909,Obese
46,Male,88.7,1.63,166,146,66,0.75,542.0,Strength,28.8,3.5,2,1,33.38,100,722.6666666666666,4.666666666666667,Obese
