Model,Accuracy,Precision_Weighted,Recall_Weighted,F1_Weighted,F1_Macro
Decision Tree,0.9076923076923077,0.9123402795643598,0.9076923076923077,0.9070481242895037,0.9226600985221675
Random Forest,0.8974358974358975,0.8979868477411878,0.8974358974358975,0.8972519109505411,0.9146553598608392
Baseline,0.4205128205128205,0.17683103221564758,0.4205128205128205,0.24896787929278905,0.19735258724428398
