k,SSE,Silhouette_Score
2,6044.257709353677,0.24292785164018568
3,5197.691427496356,0.18413249050938185
4,4672.450038042475,0.18245174323472563
5,4362.2058203243505,0.16996926790722963
6,4142.404952481527,0.14748972585568085
7,3932.8895610326995,0.14668368103275012
8,3747.3270337241165,0.14043493576968688
