Model,MAE,RMSE,R2
Linear Regression,30.270139845320777,40.57309471308609,0.9802675995368526
Random Forest,37.08134577270871,49.91192233555523,0.9701384569907113
Baseline,231.20475248830007,288.9181273910072,-0.000583262560925224
